id,teose_id,lavastaja_id
1,2,16441
2,3,11651
3,4,31012
4,5,28806
5,6,30804
6,7,36034
7,8,18314
8,9,31428
9,10,35144
10,11,36565
11,13,8741
12,14,25425
13,15,16080
14,16,18999
15,18,26379
16,19,32914
17,21,25744
18,22,35118
19,23,30195
20,24,3383
21,26,20787
22,26,8001
23,28,6300
24,29,29602
25,29,2579
26,31,23154
27,32,27730
28,33,27730
29,34,10723
30,35,23129
31,36,28812
32,37,7209
33,38,7209
34,40,10957
35,41,24156
36,42,36862
37,43,25870
38,44,18123
39,45,17589
40,47,304
41,48,19655
42,49,550
43,50,25019
44,51,29062
45,55,21421
46,57,22807
47,58,14664
48,60,31449
49,61,29896
50,63,35052
51,66,7639
52,67,3513
53,69,7596
54,70,30539
55,70,30862
56,71,298
57,71,15201
58,71,34460
59,71,10124
60,72,28379
61,73,5167
62,74,10908
63,75,29802
64,76,8088
65,77,28016
66,78,27798
67,78,36846
68,79,224
69,80,24062
70,83,12624
71,84,23514
72,85,16205
73,85,30561
74,89,15805
75,90,4893
76,91,31677
77,92,11595
78,93,24893
79,94,31635
80,95,4223
81,97,22659
82,98,24346
83,99,11212
84,100,13453
85,101,27701
86,102,31182
87,103,31681
88,104,12398
89,105,29327
90,106,20841
91,107,3787
92,107,34150
93,108,12904
94,110,35030
95,111,13881
96,114,21474
97,114,17137
98,115,11570
99,116,2195
100,117,13688
101,118,2388
102,119,28438
103,120,21491
104,121,35038
105,122,26812
106,123,16290
107,124,28672
108,125,22257
109,126,21799
110,127,33951
111,128,22990
112,129,12418
113,130,4250
114,132,34436
115,133,25281
116,134,29013
117,136,22681
118,136,10568
119,137,35291
120,144,2468
121,145,32346
122,146,6870
123,147,10407
124,148,27486
125,149,16205
126,149,30561
127,150,2180
128,151,25940
129,152,15855
130,154,28349
131,155,31138
132,156,8210
133,157,34696
134,158,18275
135,158,26827
136,160,1213
137,161,16062
138,162,16062
139,163,33664
140,164,21897
141,165,23358
142,166,32156
143,167,32270
144,168,30455
145,169,34612
146,170,34057
147,171,21923
148,172,28725
149,173,28182
150,174,4381
151,175,8190
152,176,8080
153,177,29083
154,178,32157
155,178,1210
156,179,1210
157,179,32157
158,180,32157
159,180,1210
160,182,28448
161,183,10138
162,184,23258
163,185,33467
164,186,33708
165,187,15461
166,188,12855
167,190,7066
168,190,6226
169,191,2292
170,193,36105
171,194,6352
172,195,10941
173,196,32391
174,196,16872
175,197,918
176,201,32008
177,202,22150
178,204,33706
179,205,617
180,206,13821
181,207,13823
182,208,6662
183,208,4702
184,210,25836
185,211,15934
186,212,16365
187,213,23142
188,215,25049
189,216,17926
190,218,23052
191,219,5418
192,220,21724
193,221,12830
194,222,13686
195,223,5719
196,224,6354
197,225,3224
198,227,10279
199,227,15761
200,228,28458
201,228,35642
202,229,24449
203,230,34059
204,231,8749
205,232,21582
206,233,19286
207,234,10381
208,234,14892
209,235,6711
210,237,24551
211,238,34484
212,239,22039
213,241,4888
214,243,9324
215,244,28821
216,245,27967
217,246,36815
218,247,17137
219,248,31814
220,250,5719
221,251,357
222,252,24761
223,253,12011
224,254,17088
225,254,34222
226,255,17137
227,256,3513
228,258,17213
229,261,17892
230,262,29434
231,263,25597
232,264,36864
233,265,23415
234,266,13515
235,267,5866
236,268,27695
237,269,34764
238,270,27623
239,271,30412
240,272,27181
241,273,24346
242,274,34690
243,275,34755
244,276,27941
245,277,19108
246,278,3383
247,279,28182
248,280,28182
249,282,31750
250,283,12620
251,284,7
252,285,17079
253,285,30892
254,286,5817
255,287,6462
256,287,26479
257,288,28373
258,292,7668
259,293,1329
260,294,6078
261,296,27746
262,297,16960
263,298,16954
264,299,23512
265,299,30576
266,300,21064
267,301,35267
268,302,13622
269,303,4797
270,305,29802
271,306,14724
272,308,32330
273,309,28810
274,310,33645
275,313,10613
276,314,2628
277,315,3765
278,316,30064
279,317,15057
280,318,19083
281,319,29573
282,321,17092
283,321,29355
284,323,16914
285,324,15079
286,326,24315
287,327,5111
288,328,4968
289,329,28981
290,330,29016
291,331,9713
292,332,2817
293,333,25081
294,335,33521
295,338,26745
296,343,27894
297,344,24168
298,345,21658
299,346,27756
300,347,31374
301,348,1495
302,352,33104
303,353,7295
304,354,4461
305,355,124
306,355,22248
307,356,24761
308,357,29643
309,359,27703
310,362,8583
311,363,35157
312,366,25971
313,367,10937
314,369,34491
315,370,34386
316,371,28030
317,371,14411
318,373,31178
319,374,32073
320,375,5668
321,377,11589
322,377,1306
323,378,19814
324,379,1133
325,380,7170
326,382,36294
327,383,36294
328,384,20583
329,385,13196
330,386,5775
331,387,14724
332,388,14724
333,389,14948
334,392,19322
335,392,34690
336,393,22049
337,395,11641
338,396,13816
339,398,15127
340,400,32249
341,401,30629
342,402,32802
343,403,550
344,404,10358
345,407,498
346,408,15737
347,409,8951
348,409,11318
349,409,7466
350,411,35391
351,414,6002
352,415,12466
353,416,6353
354,417,7483
355,418,16290
356,419,4802
357,420,22406
358,421,36129
359,422,26603
360,423,4802
361,424,35201
362,425,10356
363,426,32823
364,427,12863
365,428,23485
366,430,35210
367,431,2788
368,432,19627
369,433,28464
370,434,28464
371,436,11978
372,437,280
373,439,33102
374,439,36255
375,440,34458
376,442,7483
377,443,28945
378,443,4871
379,444,19546
380,445,10244
381,446,3429
382,447,21294
383,448,18367
384,449,29490
385,451,9401
386,454,5997
387,455,23042
388,456,29867
389,457,4767
390,460,3783
391,461,31092
392,462,21928
393,463,32391
394,463,16872
395,465,35772
396,466,30356
397,467,34291
398,468,2062
399,470,24947
400,471,15086
401,473,23489
402,474,22114
403,475,18137
404,477,15195
405,480,25870
406,481,19671
407,482,3338
408,483,1901
409,484,1901
410,485,17455
411,486,8951
412,487,26886
413,487,31652
414,488,19291
415,489,19291
416,490,28087
417,491,36294
418,492,15470
419,493,35405
420,494,14318
421,496,26676
422,497,4663
423,498,16724
424,499,13712
425,499,12687
426,500,22269
427,501,30738
428,502,3535
429,503,5476
430,504,20296
431,506,36854
432,507,35405
433,508,27703
434,509,32122
435,510,34765
436,511,34765
437,512,16620
438,513,10946
439,514,33811
440,515,19941
441,518,20617
442,519,28303
443,520,7417
444,521,7417
445,522,29113
446,523,26812
447,525,26007
448,526,34491
449,527,200
450,528,26469
451,529,34259
452,529,30527
453,530,12378
454,531,19330
455,531,16659
456,532,2228
457,532,26617
458,533,24273
459,536,14724
460,537,27645
461,538,31843
462,539,26449
463,542,2197
464,543,16788
465,547,26856
466,548,31250
467,549,2437
468,551,21522
469,552,307
470,553,27620
471,554,18045
472,556,21278
473,558,8143
474,558,6527
475,561,27181
476,562,13833
477,562,16581
478,563,11848
479,564,11274
480,565,6496
481,565,10945
482,567,14829
483,568,6609
484,569,28030
485,569,14411
486,572,97
487,573,21681
488,574,18354
489,578,3456
490,579,10038
491,580,26366
492,581,24877
493,582,3105
494,583,34279
495,585,14183
496,586,4903
497,588,14648
498,589,30313
499,590,2860
500,591,9421
501,592,15926
502,593,14259
503,594,29989
504,595,27814
505,600,30192
506,601,1168
507,602,12332
508,603,16022
509,605,28316
510,606,9
511,607,32691
512,608,23521
513,609,14639
514,612,4605
515,612,16223
516,613,22288
517,614,16042
518,615,22934
519,618,8103
520,618,14032
521,619,10483
522,619,3464
523,621,4605
524,621,16223
525,623,7202
526,624,23531
527,626,14739
528,627,14739
529,628,14739
530,629,29048
531,630,11141
532,632,33342
533,634,10206
534,635,15265
535,636,2768
536,636,15740
537,637,19826
538,638,16124
539,639,1064
540,639,10627
541,643,27211
542,644,24909
543,645,11258
544,646,9989
545,647,19025
546,648,2723
547,649,3669
548,650,35664
549,650,9239
550,651,32098
551,653,775
552,654,30928
553,655,23568
554,656,29608
555,657,29577
556,658,29577
557,659,29577
558,660,29577
559,661,29577
560,662,29577
561,663,29577
562,664,11369
563,665,36831
564,666,24267
565,667,1028
566,671,35115
567,672,32240
568,674,31286
569,675,16636
570,676,20410
571,679,29564
572,679,16968
573,680,36007
574,682,337
575,683,11848
576,684,7904
577,685,23199
578,688,22990
579,689,22990
580,690,6350
581,692,24668
582,693,14918
583,696,7966
584,697,29774
585,698,18384
586,700,32649
587,700,32702
588,701,32592
589,702,17143
590,707,35123
591,709,31652
592,710,26892
593,711,26892
594,712,12275
595,713,5147
596,714,3696
597,715,4017
598,716,36743
599,717,85
600,717,342
601,718,1581
602,719,33217
603,720,17453
604,723,21323
605,728,435
606,729,16404
607,730,27639
608,731,21057
609,733,22440
610,734,19108
611,735,7043
612,738,371
613,739,36619
614,740,17485
615,742,7043
616,743,2220
617,743,23087
618,744,35726
619,745,10429
620,746,7043
621,747,10429
622,748,7043
623,748,10429
624,748,23087
625,749,3818
626,749,15464
627,750,25641
628,752,3328
629,753,19079
630,754,2878
631,755,10249
632,756,35146
633,757,27703
634,758,8208
635,759,26472
636,763,8340
637,764,7876
638,765,29858
639,766,17614
640,768,23758
641,771,13091
642,772,10848
643,773,19118
644,774,29682
645,775,27331
646,776,19966
647,777,16591
648,781,35371
649,781,2369
650,782,22775
651,786,5630
652,788,16582
653,790,6441
654,791,22169
655,793,35589
656,795,23505
657,796,5051
658,797,577
659,797,18370
660,799,18354
661,800,24315
662,802,16895
663,803,357
664,804,32351
665,804,31629
666,805,33915
667,806,3696
668,807,29457
669,808,23493
670,809,10803
671,810,23859
672,811,17942
673,813,17704
674,814,7584
675,817,27650
676,818,2778
677,819,7053
678,821,25733
679,822,15248
680,822,25675
681,823,21958
682,824,10673
683,824,10675
684,825,8173
685,827,10625
686,828,2939
687,831,1203
688,831,29904
689,832,16219
690,833,18413
691,833,26606
692,834,338
693,835,4695
694,836,15690
695,837,15690
696,838,1189
697,839,12435
698,840,12284
699,841,5677
700,842,11004
701,844,34372
702,845,34372
703,846,34372
704,847,14917
705,848,33983
706,849,29507
707,852,33167
708,854,1903
709,855,20294
710,858,77
711,861,33403
712,862,32329
713,864,14622
714,865,30520
715,866,21614
716,867,8639
717,868,18360
718,874,24156
719,874,32997
720,875,32857
721,876,19916
722,878,2594
723,879,21115
724,883,27296
725,884,21022
726,885,21022
727,886,31770
728,887,31785
729,888,25256
730,889,35157
731,890,27690
732,891,34937
733,892,27296
734,893,27756
735,894,14534
736,895,8572
737,896,8572
738,897,8572
739,898,8572
740,901,15809
741,902,8471
742,904,31161
743,905,30553
744,906,18063
745,908,508
746,909,17599
747,910,30455
748,911,4308
749,911,17186
750,912,29124
751,913,24940
752,914,10354
753,915,14724
754,916,31042
755,917,23475
756,918,14724
757,919,14724
758,920,15934
759,922,6356
760,923,6356
761,924,18223
762,924,8050
763,926,14641
764,926,7924
765,927,27296
766,928,32256
767,929,35375
768,929,7540
769,931,13522
770,933,11236
771,933,35135
772,933,11737
773,933,27948
774,934,30856
775,935,32837
776,936,25835
777,937,23552
778,938,9764
779,939,21650
780,940,12336
781,942,23427
782,943,18360
783,944,32744
784,945,27633
785,946,19228
786,947,21848
787,951,2879
788,952,28548
789,956,16464
790,959,681
791,960,29470
792,961,1244
793,962,18284
794,963,15247
795,964,7156
796,965,22031
797,968,11181
798,969,5598
799,970,7525
800,971,12976
801,972,10284
802,975,25403
803,976,25403
804,977,4064
805,978,21058
806,979,6920
807,980,16113
808,982,8281
809,983,2223
810,984,17028
811,987,14820
812,988,35294
813,991,23426
814,991,23426
815,994,33405
816,997,151
817,998,35836
818,999,1168
819,1000,19824
820,1002,15165
821,1003,19776
822,1004,8515
823,1005,29040
824,1006,3832
825,1008,24702
826,1009,4524
827,1009,6674
828,1010,4524
829,1010,6674
830,1012,15148
831,1014,14747
832,1015,9741
833,1016,18671
834,1017,27619
835,1018,29943
836,1019,8227
837,1020,11160
838,1020,34349
839,1021,4748
840,1023,31548
841,1024,25253
842,1025,16440
843,1028,11469
844,1028,2219
845,1029,20579
846,1029,2259
847,1029,14098
848,1030,24346
849,1031,5191
850,1031,6463
851,1032,4627
852,1033,26977
853,1034,2879
854,1034,8714
855,1034,17457
856,1034,36770
857,1035,28330
858,1036,1264
859,1037,14955
860,1038,884
861,1039,10128
862,1042,3157
863,1046,17306
864,1054,26664
865,1055,12867
866,1056,12867
867,1057,5112
868,1058,11310
869,1058,29260
870,1059,11396
871,1060,2723
872,1061,26930
873,1064,28474
874,1066,675
875,1066,12687
876,1067,1635
877,1068,6452
878,1069,21373
879,1070,34000
880,1072,14714
881,1073,27360
882,1075,11562
883,1077,23060
884,1078,30629
885,1079,33843
886,1080,5740
887,1081,15677
888,1082,20018
889,1085,21395
890,1086,26980
891,1087,7717
892,1088,19466
893,1091,32118
894,1092,34775
895,1094,31611
896,1095,30097
897,1097,34501
898,1098,28298
899,1099,20940
900,1100,2044
901,1103,7932
902,1104,7932
903,1105,25131
904,1106,26094
905,1107,28734
906,1112,2783
907,1113,16958
908,1114,25747
909,1115,33996
910,1117,20446
911,1118,17461
912,1120,35353
913,1121,35353
914,1122,35353
915,1123,33442
916,1124,35889
917,1127,21449
918,1129,12551
919,1130,32071
920,1131,23541
921,1132,2113
922,1133,2892
923,1134,28589
924,1135,26455
925,1135,28500
926,1136,8967
927,1137,8092
928,1138,19546
929,1142,32315
930,1143,16207
931,1144,36005
932,1146,19523
933,1147,26947
934,1148,11565
935,1150,5631
936,1150,16298
937,1152,30251
938,1153,7604
939,1154,10137
940,1155,17034
941,1156,2373
942,1157,1580
943,1158,12284
944,1159,24393
945,1160,29646
946,1161,7682
947,1162,34431
948,1165,14509
949,1167,2386
950,1168,25485
951,1170,36294
952,1171,3340
953,1172,20904
954,1173,22356
955,1176,23963
956,1177,23963
957,1178,23963
958,1182,26928
959,1183,35357
960,1184,7570
961,1186,1306
962,1187,5458
963,1188,30552
964,1189,20115
965,1191,26808
966,1195,12555
967,1195,8305
968,1196,20940
969,1197,660
970,1198,4046
971,1200,31010
972,1201,4161
973,1204,10963
974,1205,17155
975,1206,25432
976,1208,10133
977,1208,18303
978,1211,25670
979,1212,21880
980,1216,20998
981,1217,6264
982,1218,2970
983,1219,9731
984,1219,28417
985,1220,14411
986,1220,28031
987,1221,28030
988,1221,14411
989,1222,1031
990,1224,16460
991,1225,33992
992,1227,4834
993,1228,32805
994,1229,36806
995,1229,8125
996,1230,22358
997,1231,13129
998,1233,6481
999,1235,22018
1000,1236,35818
1001,1237,35818
1002,1238,18708
1003,1242,28361
1004,1243,32424
1005,1244,17267
1006,1245,30982
1007,1246,25750
1008,1248,4657
1009,1249,67
1010,1249,23167
1011,1251,12805
1012,1252,34501
1013,1253,26156
1014,1255,31385
1015,1256,35971
1016,1257,24907
1017,1258,21016
1018,1259,12545
1019,1261,27177
1020,1262,118
1021,1263,7985
1022,1264,34686
1023,1266,3671
1024,1267,2942
1025,1268,27695
1026,1270,32542
1027,1272,18054
1028,1273,3110
1029,1274,8711
1030,1275,11282
1031,1276,15898
1032,1277,24815
1033,1280,33813
1034,1281,22659
1035,1282,22659
1036,1284,5917
1037,1284,13788
1038,1286,29269
1039,1287,7985
1040,1288,7985
1041,1289,18321
1042,1291,14906
1043,1293,35818
1044,1293,14597
1045,1294,16058
1046,1295,12065
1047,1296,12144
1048,1302,19635
1049,1303,16182
1050,1310,14336
1051,1311,19227
1052,1312,29052
1053,1313,4671
1054,1318,27690
1055,1319,31552
1056,1319,3345
1057,1320,3345
1058,1320,31506
1059,1321,31506
1060,1321,3345
1061,1323,27690
1062,1323,4432
1063,1325,2881
1064,1326,21830
1065,1328,7828
1066,1330,25279
1067,1332,34073
1068,1334,16068
1069,1335,3641
1070,1338,35136
1071,1338,25263
1072,1340,33197
1073,1341,20614
1074,1343,29673
1075,1344,3943
1076,1345,18056
1077,1346,3405
1078,1348,14816
1079,1349,2879
1080,1350,29646
1081,1352,2207
1082,1353,4338
1083,1354,4338
1084,1355,22320
1085,1356,6442
1086,1357,4524
1087,1358,26880
1088,1359,7077
1089,1361,14724
1090,1362,2817
1091,1363,23126
1092,1364,8572
1093,1365,21788
1094,1366,12610
1095,1367,11342
1096,1368,10192
1097,1369,14212
1098,1370,17137
1099,1371,17137
1100,1372,17137
1101,1373,15739
1102,1374,21394
1103,1375,35890
1104,1376,13714
1105,1384,27296
1106,1384,18790
1107,1385,23931
1108,1386,13091
1109,1388,1646
1110,1389,12390
1111,1395,68
1112,1395,21752
1113,1396,27476
1114,1397,26479
1115,1398,18999
1116,1399,35622
1117,1401,10725
1118,1401,17767
1119,1402,5726
1120,1402,20513
1121,1403,20875
1122,1404,26695
1123,1406,36116
1124,1408,24965
1125,1409,20397
1126,1410,12013
1127,1411,3432
1128,1412,10099
1129,1414,10727
1130,1415,13927
1131,1417,10960
1132,1419,1506
1133,1420,6434
1134,1422,8114
1135,1424,15896
1136,1425,19980
1137,1425,19225
1138,1425,34123
1139,1426,25663
1140,1427,26884
1141,1427,6645
1142,1428,6937
1143,1428,18835
1144,1429,22360
1145,1430,21500
1146,1439,33670
1147,1444,28030
1148,1444,14411
1149,1447,14876
1150,1450,19776
1151,1451,23064
1152,1452,10856
1153,1452,29075
1154,1453,35296
1155,1454,9840
1156,1457,24087
1157,1458,5396
1158,1459,28816
1159,1460,15212
1160,1461,14714
1161,1462,30454
1162,1465,10844
1163,1468,18204
1164,1469,36543
1165,1470,16605
1166,1471,15212
1167,1475,28797
1168,1477,26651
1169,1478,27756
1170,1479,7167
1171,1481,15239
1172,1481,32975
1173,1482,32131
1174,1483,34834
1175,1485,11389
1176,1486,25870
1177,1487,25870
1178,1490,27756
1179,1493,154
1180,1494,34144
1181,1498,32473
1182,1499,16219
1183,1500,16229
1184,1501,4050
1185,1502,3118
1186,1502,33892
1187,1503,12831
1188,1505,22279
1189,1506,30177
1190,1506,25910
1191,1507,14562
1192,1508,14711
1193,1510,34019
1194,1511,1285
1195,1513,22962
1196,1513,11243
1197,1514,18638
1198,1514,17913
1199,1515,32158
1200,1516,23352
1201,1517,14714
1202,1518,26385
1203,1521,29993
1204,1522,20940
1205,1525,24087
1206,1526,25504
1207,1528,18823
1208,1531,26239
1209,1532,26239
1210,1535,10646
1211,1541,21659
1212,1544,21522
1213,1545,23395
1214,1546,24388
1215,1547,2329
1216,1548,36352
1217,1549,16172
1218,1551,28946
1219,1552,8963
1220,1553,21224
1221,1557,33166
1222,1558,22363
1223,1559,36527
1224,1560,22648
1225,1563,27182
1226,1564,14714
1227,1565,14714
1228,1568,30768
1229,1568,4455
1230,1569,30768
1231,1570,32099
1232,1571,33408
1233,1572,5865
1234,1573,12617
1235,1574,12617
1236,1575,12617
1237,1576,11313
1238,1577,14688
1239,1579,32335
1240,1580,1705
1241,1581,25913
1242,1582,16148
1243,1583,27608
1244,1584,14825
1245,1586,21522
1246,1589,14948
1247,1590,25595
1248,1593,26924
1249,1594,13206
1250,1596,25263
1251,1599,23146
1252,1602,1133
1253,1602,21500
1254,1603,28030
1255,1603,14411
1256,1604,4765
1257,1605,29008
1258,1606,3550
1259,1607,13669
1260,1608,17015
1261,1612,590
1262,1613,1292
1263,1615,4165
1264,1616,25946
1265,1618,11663
1266,1619,30573
1267,1621,36294
1268,1622,27239
1269,1624,26151
1270,1627,5659
1271,1628,34862
1272,1629,16929
1273,1630,32141
1274,1631,32141
1275,1632,32141
1276,1634,946
1277,1634,16338
1278,1634,17971
1279,1635,7939
1280,1635,16220
1281,1636,28528
1282,1637,1127
1283,1638,3832
1284,1643,13240
1285,1646,1819
1286,1648,28710
1287,1649,9220
1288,1649,3867
1289,1650,25285
1290,1650,14135
1291,1651,34052
1292,1652,23552
1293,1655,5633
1294,1656,33241
1295,1657,7745
1296,1658,32902
1297,1661,8406
1298,1662,33231
1299,1663,5817
1300,1664,13104
1301,1664,20951
1302,1666,14623
1303,1668,11372
1304,1669,24802
1305,1671,10708
1306,1672,12543
1307,1673,370
1308,1674,7843
1309,1675,8967
1310,1676,863
1311,1676,1430
1312,1677,6873
1313,1678,22851
1314,1679,214
1315,1680,17005
1316,1683,17218
1317,1684,2320
1318,1685,20393
1319,1686,9420
1320,1687,18047
1321,1687,3141
1322,1688,32171
1323,1689,32933
1324,1690,27726
1325,1691,211
1326,1693,12284
1327,1694,12124
1328,1695,8477
1329,1697,14724
1330,1698,14724
1331,1698,8406
1332,1699,5330
1333,1701,35647
1334,1702,6503
1335,1703,33405
1336,1705,29507
1337,1706,21522
1338,1714,8746
1339,1715,11052
1340,1716,29874
1341,1717,19132
1342,1718,20478
1343,1719,11190
1344,1720,36294
1345,1721,32494
1346,1721,6692
1347,1721,20200
1348,1722,23873
1349,1723,6671
1350,1724,14167
1351,1725,2879
1352,1726,23077
1353,1727,29593
1354,1728,6874
1355,1729,22192
1356,1731,32649
1357,1731,32702
1358,1733,13512
1359,1734,35328
1360,1735,24346
1361,1736,11114
1362,1738,21281
1363,1740,18648
1364,1741,34691
1365,1742,12505
1366,1747,18999
1367,1748,4041
1368,1750,4123
1369,1751,18679
1370,1752,19627
1371,1753,16115
1372,1754,35373
1373,1755,15820
1374,1756,15820
1375,1757,13512
1376,1758,10559
1377,1759,36770
1378,1760,18993
1379,1761,21264
1380,1762,21285
1381,1763,10516
1382,1763,26981
1383,1764,10516
1384,1764,26981
1385,1765,29052
1386,1767,14739
1387,1776,6187
1388,1778,3686
1389,1779,7917
1390,1779,23124
1391,1780,33998
1392,1783,4077
1393,1784,24815
1394,1786,13069
1395,1787,5069
1396,1788,27387
1397,1789,22650
1398,1791,12235
1399,1792,8374
1400,1794,8070
1401,1796,26446
1402,1799,7156
1403,1801,939
1404,1802,10933
1405,1804,8290
1406,1805,26911
1407,1806,5937
1408,1807,4834
1409,1808,10559
1410,1809,10559
1411,1810,21029
1412,1810,3500
1413,1810,35665
1414,1810,7941
1415,1810,7887
1416,1810,35935
1417,1810,936
1418,1810,16230
1419,1810,9141
1420,1810,4718
1421,1811,14513
1422,1812,34502
1423,1813,33645
1424,1814,33645
1425,1815,33645
1426,1816,21868
1427,1817,16113
1428,1818,16113
1429,1819,5392
1430,1820,7571
1431,1821,23476
1432,1822,36826
1433,1823,31042
1434,1823,23347
1435,1824,23520
1436,1825,2230
1437,1826,34284
1438,1828,11226
1439,1830,17233
1440,1832,33319
1441,1833,7195
1442,1834,5020
1443,1835,33421
1444,1836,35818
1445,1837,16035
1446,1838,1073
1447,1839,20807
1448,1841,18958
1449,1842,4529
1450,1843,30563
1451,1843,36020
1452,1844,6440
1453,1844,19064
1454,1847,33088
1455,1847,29555
1456,1847,21141
1457,1848,35776
1458,1850,28683
1459,1851,6991
1460,1852,9071
1461,1853,26304
1462,1854,13761
1463,1855,27690
1464,1856,9502
1465,1856,16056
1466,1859,33012
1467,1859,11990
1468,1860,11990
1469,1860,33012
1470,1861,11990
1471,1861,33012
1472,1863,11983
1473,1864,34486
1474,1866,2174
1475,1875,28169
1476,1877,36120
1477,1878,25254
1478,1879,33319
1479,1885,11039
1480,1886,6077
1481,1887,25394
1482,1888,23423
1483,1889,6402
1484,1890,25644
1485,1892,568
1486,1893,9435
1487,1894,34501
1488,1895,2627
1489,1896,27771
1490,1897,21016
1491,1899,30943
1492,1900,12867
1493,1902,9887
1494,1903,17825
1495,1903,29261
1496,1904,16964
1497,1905,7895
1498,1909,35528
1499,1910,2748
1500,1913,35656
1501,1915,29500
1502,1916,30365
1503,1917,2214
1504,1918,22308
1505,1919,5030
1506,1920,28853
1507,1922,4579
1508,1923,8102
1509,1926,12310
1510,1927,10914
1511,1928,33593
1512,1929,793
1513,1930,23552
1514,1931,28432
1515,1932,24707
1516,1933,12504
1517,1935,29668
1518,1936,32649
1519,1936,32702
1520,1937,32122
1521,1938,27695
1522,1939,32736
1523,1940,31223
1524,1941,30980
1525,1942,36500
1526,1943,26927
1527,1945,7991
1528,1946,35182
1529,1951,22471
1530,1954,16470
1531,1954,30833
1532,1957,14411
1533,1958,17166
1534,1959,25891
1535,1961,9868
1536,1962,20312
1537,1965,1089
1538,1966,11183
1539,1967,17646
1540,1969,10619
1541,1970,26786
1542,1971,17214
1543,1972,26844
1544,1973,3876
1545,1974,814
1546,1975,5849
1547,1976,5849
1548,1977,6734
1549,1978,13634
1550,1980,15868
1551,1981,30665
1552,1982,15770
1553,1982,33781
1554,1983,10453
1555,1983,13165
1556,1984,13165
1557,1984,10453
1558,1985,25186
1559,1986,15070
1560,1987,16224
1561,1988,23255
1562,1989,30446
1563,1993,28620
1564,1994,24812
1565,1997,18541
1566,1998,11966
1567,2000,784
1568,2002,28687
1569,2002,14932
1570,2003,7932
1571,2005,8443
1572,2007,27235
1573,2008,22535
1574,2009,15076
1575,2010,12548
1576,2012,14592
1577,2013,1121
1578,2014,28756
1579,2015,22455
1580,2017,9112
1581,2019,19016
1582,2022,10087
1583,2023,10067
1584,2023,3439
1585,2024,26471
1586,2025,30554
1587,2026,35803
1588,2027,31248
1589,2029,1024
1590,2030,21450
1591,2035,34807
1592,2037,7987
1593,2038,34112
1594,2039,12892
1595,2040,16464
1596,2041,25788
1597,2042,13351
1598,2043,32118
1599,2044,26475
1600,2046,28894
1601,2047,3224
1602,2048,20940
1603,2050,16697
1604,2053,34455
1605,2053,3807
1606,2054,13755
1607,2055,3869
1608,2056,1144
1609,2059,14265
1610,2060,32465
1611,2061,7483
1612,2063,2039
1613,2063,21791
1614,2063,18722
1615,2063,25563
1616,2064,23280
1617,2065,2230
1618,2066,4058
1619,2067,30751
1620,2068,30730
1621,2070,16506
1622,2071,4063
1623,2072,29837
1624,2076,15687
1625,2077,7465
1626,2078,25928
1627,2079,12284
1628,2080,12284
1629,2081,12284
1630,2085,4116
1631,2086,30634
1632,2087,28987
1633,2087,10942
1634,2089,22369
1635,2090,11385
1636,2092,28801
1637,2094,23163
1638,2095,30143
1639,2096,6452
1640,2098,12013
1641,2100,29016
1642,2102,10518
1643,2104,30705
1644,2104,18961
1645,2105,31965
1646,2108,12481
1647,2109,29800
1648,2110,17960
1649,2111,23312
1650,2112,24351
1651,2114,3839
1652,2115,3762
1653,2116,30931
1654,2118,524
1655,2118,25845
1656,2119,17258
1657,2120,20904
1658,2123,23613
1659,2124,26823
1660,2128,12995
1661,2131,13279
1662,2133,19808
1663,2133,5723
1664,2134,27645
1665,2136,33515
1666,2139,7117
1667,2140,1569
1668,2141,26818
1669,2142,9592
1670,2144,30547
1671,2145,8753
1672,2146,14413
1673,2147,15836
1674,2148,10708
1675,2149,28030
1676,2149,14411
1677,2150,27676
1678,2151,15966
1679,2152,18054
1680,2153,25419
1681,2154,2598
1682,2155,4466
1683,2156,10876
1684,2158,20676
1685,2159,25945
1686,2160,3005
1687,2162,34329
1688,2163,2386
1689,2164,14332
1690,2165,8133
1691,2166,14332
1692,2168,33627
1693,2170,21941
1694,2171,11623
1695,2173,9116
1696,2173,36544
1697,2174,9229
1698,2175,3191
1699,2176,29599
1700,2178,11488
1701,2179,11488
1702,2180,844
1703,2180,25322
1704,2182,3155
1705,2183,32393
1706,2184,29313
1707,2185,26457
1708,2186,25648
1709,2188,2373
1710,2189,25240
1711,2190,6388
1712,2191,17965
1713,2192,2203
1714,2193,7281
1715,2193,18437
1716,2193,28972
1717,2195,218
1718,2196,11582
1719,2197,19438
1720,2198,6081
1721,2199,21767
1722,2201,18372
1723,2203,21382
1724,2205,35909
1725,2205,36249
1726,2205,12467
1727,2206,18360
1728,2209,12011
1729,2213,17389
1730,2213,31007
1731,2214,3359
1732,2217,22877
1733,2221,16752
1734,2222,34612
1735,2223,21851
1736,2223,18302
1737,2224,8278
1738,2225,29353
1739,2226,21877
1740,2227,28450
1741,2228,8765
1742,2229,15690
1743,2230,343
1744,2232,5496
1745,2233,16178
1746,2233,296
1747,2234,11028
1748,2235,211
1749,2237,815
1750,2237,2020
1751,2240,20583
1752,2241,22614
1753,2244,2833
1754,2245,12394
1755,2246,19538
1756,2248,18927
1757,2249,30864
1758,2251,5719
1759,2252,23520
1760,2253,12013
1761,2254,4643
1762,2255,10911
1763,2256,25285
1764,2258,34668
1765,2259,34668
1766,2260,22437
1767,2261,11132
1768,2263,7573
1769,2265,11950
1770,2265,13569
1771,2266,34505
1772,2267,274
1773,2267,36519
1774,2268,10656
1775,2269,19227
1776,2270,7987
1777,2271,4059
1778,2273,21533
1779,2275,11332
1780,2276,31653
1781,2277,33923
1782,2278,677
1783,2279,21400
1784,2280,29957
1785,2281,35401
1786,2281,15240
1787,2282,26402
1788,2282,2901
1789,2284,16812
1790,2287,21520
1791,2288,31650
1792,2291,27622
1793,2292,1369
1794,2294,21055
1795,2295,35595
1796,2296,27008
1797,2297,12723
1798,2298,2149
1799,2300,946
1800,2303,7147
1801,2304,29470
1802,2306,24126
1803,2308,3538
1804,2309,28769
1805,2310,30604
1806,2311,14884
1807,2313,11097
1808,2314,36058
1809,2315,1107
1810,2316,8430
1811,2317,4555
1812,2318,8346
1813,2319,19486
1814,2320,301
1815,2321,19158
1816,2322,6449
1817,2323,10744
1818,2324,13084
1819,2325,36864
1820,2326,19125
1821,2327,18839
1822,2329,21300
1823,2330,10676
1824,2331,21300
1825,2333,23237
1826,2334,21755
1827,2335,1814
1828,2336,6420
1829,2337,26560
1830,2339,20527
1831,2340,211
1832,2342,631
1833,2343,3322
1834,2344,3322
1835,2345,3322
1836,2346,19078
1837,2348,13745
1838,2349,14815
1839,2350,27181
1840,2352,22049
1841,2353,17935
1842,2353,36062
1843,2354,27360
1844,2355,3503
1845,2355,2655
1846,2356,21802
1847,2356,19110
1848,2357,21802
1849,2357,10015
1850,2358,21802
1851,2359,28572
1852,2359,15150
1853,2361,11789
1854,2362,13365
1855,2363,29366
1856,2364,36096
1857,2365,35455
1858,2366,12963
1859,2367,21237
1860,2368,25881
1861,2369,24461
1862,2371,35357
1863,2372,35357
1864,2373,32843
1865,2378,34501
1866,2379,8021
1867,2380,23493
1868,2381,12174
1869,2383,24923
1870,2384,25661
1871,2385,9210
1872,2385,7551
1873,2385,24064
1874,2387,6671
1875,2389,26812
1876,2390,13804
1877,2391,8161
1878,2392,1769
1879,2393,27623
1880,2394,27703
1881,2395,28340
1882,2397,4058
1883,2398,17874
1884,2398,22195
1885,2399,17485
1886,2400,21908
1887,2401,2879
1888,2401,8714
1889,2401,17457
1890,2401,36770
1891,2402,17874
1892,2404,17874
1893,2405,3878
1894,2406,10047
1895,2407,26259
1896,2408,26138
1897,2409,28620
1898,2411,35225
1899,2411,5955
1900,2414,29114
1901,2415,10840
1902,2416,26411
1903,2418,29787
1904,2419,27323
1905,2421,20645
1906,2423,34425
1907,2424,35589
1908,2425,35561
1909,2427,23195
1910,2432,34524
1911,2433,34524
1912,2434,25662
1913,2435,14208
1914,2435,10735
1915,2440,11814
1916,2443,4812
1917,2445,26764
1918,2446,25864
1919,2448,1210
1920,2448,32157
1921,2450,22521
1922,2451,12517
1923,2453,14862
1924,2453,33999
1925,2454,11872
1926,2455,12517
1927,2456,23155
1928,2457,10926
1929,2459,18734
1930,2459,12976
1931,2460,18734
1932,2460,12976
1933,2461,18734
1934,2461,12976
1935,2462,13042
1936,2463,6870
1937,2464,13091
1938,2465,33122
1939,2466,22018
1940,2467,29905
1941,2469,13757
1942,2470,17247
1943,2471,29052
1944,2472,29052
1945,2474,21864
1946,2475,24844
1947,2476,29957
1948,2477,4888
1949,2478,34695
1950,2480,14914
1951,2481,6415
1952,2482,2197
1953,2483,35583
1954,2484,33289
1955,2485,21852
1956,2488,11484
1957,2489,12807
1958,2490,17659
1959,2491,4120
1960,2491,16573
1961,2494,22049
1962,2496,17125
1963,2497,23064
1964,2498,14708
1965,2500,3007
1966,2501,27325
1967,2503,28737
1968,2505,7733
1969,2506,22281
1970,2507,2013
1971,2508,15194
1972,2511,6904
1973,2516,13512
1974,2517,29124
1975,2518,3687
1976,2519,679
1977,2520,679
1978,2521,33232
1979,2522,10442
1980,2523,27823
1981,2528,8042
1982,2533,15165
1983,2534,122
1984,2537,26797
1985,2538,16795
1986,2540,1532
1987,2542,24438
1988,2543,23698
1989,2545,10069
1990,2546,17971
1991,2547,20583
1992,2547,13375
1993,2548,29862
1994,2549,22471
1995,2550,29354
1996,2551,21016
1997,2552,7518
1998,2553,2480
1999,2554,3067
2000,2555,31069
2001,2557,31032
2002,2559,21264
2003,2561,14333
2004,2562,30147
2005,2565,10249
2006,2566,30856
2007,2567,30856
2008,2571,1814
2009,2573,10543
2010,2575,1398
2011,2576,35291
2012,2578,10279
2013,2578,15761
2014,2579,357
2015,2580,13336
2016,2580,12615
2017,2581,1364
2018,2581,13336
2019,2582,25689
2020,2584,23926
2021,2585,25174
2022,2586,31329
2023,2586,21216
2024,2586,12896
2025,2586,34371
2026,2586,34214
2027,2586,18753
2028,2586,36063
2029,2586,7355
2030,2586,10973
2031,2586,18761
2032,2586,16491
2033,2586,12965
2034,2587,13299
2035,2589,30408
2036,2590,15969
2037,2591,739
2038,2592,848
2039,2593,15873
2040,2595,14890
2041,2597,16130
2042,2598,15687
2043,2599,20881
2044,2600,20881
2045,2600,16209
2046,2602,19227
2047,2603,8894
2048,2604,33867
2049,2605,21203
2050,2609,14519
2051,2610,1434
2052,2611,1715
2053,2612,15701
2054,2612,20373
2055,2614,10549
2056,2615,24702
2057,2616,20610
2058,2620,12481
2059,2621,31390
2060,2622,22328
2061,2623,10076
2062,2624,28822
2063,2624,24642
2064,2625,13445
2065,2627,4585
2066,2628,26052
2067,2629,23163
2068,2631,16197
2069,2631,12665
2070,2632,7752
2071,2633,7625
2072,2635,29124
2073,2636,606
2074,2637,29107
2075,2638,17117
2076,2638,22426
2077,2640,40
2078,2642,6674
2079,2643,35240
2080,2644,7985
2081,2647,975
2082,2651,23568
2083,2654,16221
2084,2655,4729
2085,2656,9006
2086,2658,9317
2087,2660,2142
2088,2661,34988
2089,2662,36919
2090,2663,32423
2091,2664,32542
2092,2666,20520
2093,2667,8217
2094,2668,14596
2095,2669,27400
2096,2670,9667
2097,2671,1943
2098,2672,33875
2099,2672,18621
2100,2674,14159
2101,2675,18013
2102,2678,8101
2103,2680,6448
2104,2681,20518
2105,2684,13117
2106,2687,19821
2107,2687,20641
2108,2689,34062
2109,2689,29267
2110,2691,8084
2111,2692,12096
2112,2693,31840
2113,2695,5719
2114,2697,1201
2115,2698,9545
2116,2699,15194
2117,2701,32098
2118,2703,6479
2119,2704,27183
2120,2705,28945
2121,2707,26930
2122,2708,7097
2123,2710,15650
2124,2711,9505
2125,2712,20904
2126,2714,28003
2127,2714,32463
2128,2718,33893
2129,2719,32130
2130,2722,31153
2131,2723,20187
2132,2724,31279
2133,2725,31279
2134,2725,34529
2135,2726,31279
2136,2726,34529
2137,2727,36346
2138,2728,31279
2139,2729,26017
2140,2730,32423
2141,2734,5194
2142,2735,23052
2143,2737,30538
2144,2738,13476
2145,2743,29113
2146,2744,29728
2147,2747,20552
2148,2748,28180
2149,2749,15050
2150,2753,35302
2151,2756,8123
2152,2756,8233
2153,2757,2313
2154,2758,15600
2155,2758,6504
2156,2760,7594
2157,2761,7523
2158,2762,19305
2159,2763,3342
2160,2765,11869
2161,2767,1398
2162,2767,5775
2163,2768,15165
2164,2769,24790
2165,2770,2253
2166,2770,15829
2167,2771,16100
2168,2773,10192
2169,2774,19805
2170,2776,2770
2171,2776,24913
2172,2776,308
2173,2776,11333
2174,2776,18321
2175,2776,30251
2176,2776,30573
2177,2776,18277
2178,2776,8493
2179,2777,22970
2180,2779,14682
2181,2779,14686
2182,2780,10708
2183,2781,7243
2184,2782,35640
2185,2783,25423
2186,2784,25423
2187,2785,27732
2188,2788,17286
2189,2790,4236
2190,2791,2435
2191,2793,17137
2192,2794,4382
2193,2795,4382
2194,2796,28113
2195,2797,28064
2196,2799,23482
2197,2800,32424
2198,2802,33827
2199,2803,32546
2200,2804,25957
2201,2805,13881
2202,2806,4985
2203,2808,1279
2204,2810,11303
2205,2812,3642
2206,2813,14871
2207,2815,22079
2208,2816,10619
2209,2817,30529
2210,2818,23203
2211,2820,36393
2212,2821,15428
2213,2821,29157
2214,2822,15428
2215,2822,29157
2216,2822,27904
2217,2823,22556
2218,2824,841
2219,2825,2030
2220,2827,33723
2221,2828,14503
2222,2830,11451
2223,2831,31117
2224,2831,29988
2225,2832,21915
2226,2834,1176
2227,2835,30108
2228,2836,36717
2229,2837,5036
2230,2838,8083
2231,2839,34098
2232,2840,29113
2233,2841,18069
2234,2842,20097
2235,2843,15211
2236,2846,15627
2237,2846,5060
2238,2848,15657
2239,2851,5258
2240,2852,8260
2241,2853,5257
2242,2854,14254
2243,2855,1703
2244,2856,32330
2245,2858,22049
2246,2859,29858
2247,2859,10976
2248,2860,31993
2249,2861,31993
2250,2862,281
2251,2863,27618
2252,2864,31114
2253,2866,9124
2254,2867,33054
2255,2868,18172
2256,2869,27730
2257,2871,16300
2258,2872,12583
2259,2875,22339
2260,2876,22339
2261,2877,29726
2262,2878,23493
2263,2879,7156
2264,2885,11164
2265,2886,25744
2266,2889,4106
2267,2889,11145
2268,2890,14943
2269,2891,22127
2270,2892,6596
2271,2893,25174
2272,2894,19384
2273,2896,17140
2274,2897,11953
2275,2898,9535
2276,2899,10686
2277,2901,27870
2278,2902,360
2279,2903,25815
2280,2904,29253
2281,2905,29253
2282,2906,34705
2283,2907,6698
2284,2908,17601
2285,2909,20856
2286,2910,9083
2287,2911,21586
2288,2912,22934
2289,2913,27325
2290,2916,17188
2291,2917,19364
2292,2919,3513
2293,2920,18068
2294,2921,4802
2295,2922,17142
2296,2923,19227
2297,2924,32370
2298,2925,20085
2299,2925,3091
2300,2926,10720
2301,2928,5982
2302,2930,13046
2303,2931,1193
2304,2932,349
2305,2933,5094
2306,2935,4803
2307,2936,19465
2308,2938,29640
2309,2940,35666
2310,2940,23090
2311,2943,34296
2312,2944,30162
2313,2945,4585
2314,2946,32367
2315,2948,32367
2316,2949,14714
2317,2950,18506
2318,2951,17502
2319,2952,17465
2320,2952,35156
2321,2954,35430
2322,2957,32336
2323,2958,21185
2324,2960,33738
2325,2962,2719
2326,2963,15782
2327,2964,26210
2328,2967,34336
2329,2968,10977
2330,2969,12337
2331,2970,33310
2332,2973,15846
2333,2974,14159
2334,2975,15478
2335,2976,35229
2336,2977,32677
2337,2979,4657
2338,2980,6650
2339,2981,3623
2340,2982,10107
2341,2983,32627
2342,2984,16252
2343,2985,9612
2344,2986,4645
2345,2987,30158
2346,2989,32293
2347,2991,32424
2348,2992,32424
2349,2993,32424
2350,2994,32424
2351,2995,16075
2352,2996,13985
2353,2997,20469
2354,2998,27387
2355,3002,31730
2356,3003,36714
2357,3004,2180
2358,3004,909
2359,3006,32542
2360,3007,13275
2361,3009,30809
2362,3010,17215
2363,3013,23109
2364,3020,14325
2365,3024,10322
2366,3027,23082
2367,3028,34980
2368,3030,6639
2369,3032,26222
2370,3033,35595
2371,3035,30638
2372,3036,1035
2373,3038,34370
2374,3039,34370
2375,3040,34370
2376,3041,34370
2377,3043,6904
2378,3044,25903
2379,3045,5945
2380,3046,16088
2381,3047,16272
2382,3048,35776
2383,3049,35776
2384,3050,35776
2385,3051,35776
2386,3052,24346
2387,3053,17906
2388,3055,13999
2389,3056,30816
2390,3058,19726
2391,3060,33876
2392,3061,32221
2393,3063,29042
2394,3064,27267
2395,3065,18054
2396,3066,34767
2397,3067,214
2398,3068,25605
2399,3069,5827
2400,3071,14049
2401,3073,21282
2402,3074,34456
2403,3075,4413
2404,3076,5719
2405,3077,2313
2406,3079,13712
2407,3080,2414
2408,3081,21615
2409,3083,12398
2410,3085,196
2411,3086,36592
2412,3087,10977
2413,3090,36272
2414,3092,34690
2415,3093,31354
2416,3094,126
2417,3095,13476
2418,3096,13476
2419,3097,22275
2420,3097,32482
2421,3098,12605
2422,3098,32475
2423,3099,32471
2424,3100,4860
2425,3101,28490
2426,3102,7908
2427,3102,11044
2428,3104,27387
2429,3105,9401
2430,3106,9194
2431,3107,8083
2432,3108,18975
2433,3109,15825
2434,3110,31030
2435,3111,2878
2436,3112,24693
2437,3113,20904
2438,3115,15514
2439,3117,11736
2440,3118,25174
2441,3119,7468
2442,3120,32071
2443,3121,3663
2444,3124,28030
2445,3124,14411
2446,3125,27
2447,3128,8967
2448,3129,29046
2449,3130,18946
2450,3131,18321
2451,3132,14503
2452,3133,30825
2453,3134,28720
2454,3135,21300
2455,3136,34501
2456,3137,23237
2457,3137,22423
2458,3138,21300
2459,3139,23237
2460,3140,23237
2461,3141,23237
2462,3142,14724
2463,3143,6674
2464,3145,16206
2465,3146,19227
2466,3147,19227
2467,3149,11670
2468,3151,20748
2469,3152,35357
2470,3154,23006
2471,3155,15698
2472,3156,6487
2473,3157,22077
2474,3158,6904
2475,3159,1393
2476,3160,11584
2477,3161,5212
2478,3162,25450
2479,3163,9401
2480,3164,32592
2481,3166,6449
2482,3167,23066
2483,3168,14853
2484,3169,34501
2485,3170,14724
2486,3171,14714
2487,3172,31042
2488,3173,29507
2489,3174,30582
2490,3175,30582
2491,3176,31042
2492,3177,15689
2493,3178,29904
2494,3179,4860
2495,3180,15848
2496,3182,24679
2497,3183,7991
2498,3186,32273
2499,3187,8014
2500,3188,27509
2501,3189,31042
2502,3190,23163
2503,3191,31042
2504,3192,19568
2505,3193,12040
2506,3194,30547
2507,3195,16657
2508,3196,3313
2509,3197,15922
2510,3198,7573
2511,3199,2728
2512,3200,2728
2513,3201,3240
2514,3202,23071
2515,3203,2216
2516,3204,612
2517,3205,35653
2518,3208,28291
2519,3209,1203
2520,3210,29507
2521,3211,28291
2522,3216,31354
2523,3217,457
2524,3218,20794
2525,3219,4364
2526,3220,33964
2527,3221,1708
2528,3222,28692
2529,3222,28748
2530,3223,15734
2531,3225,32982
2532,3226,32526
2533,3230,6814
2534,3231,16802
2535,3232,21522
2536,3233,3386
2537,3234,7985
2538,3235,7985
2539,3236,16062
2540,3237,32834
2541,3238,25378
2542,3239,18140
2543,3244,29771
2544,3245,26885
2545,3246,19225
2546,3246,19980
2547,3248,28888
2548,3249,25565
2549,3250,29016
2550,3251,2281
2551,3251,8738
2552,3252,33627
2553,3254,28393
2554,3256,16113
2555,3257,16206
2556,3258,16264
2557,3261,32237
2558,3263,17746
2559,3265,24449
2560,3269,3947
2561,3271,30141
2562,3272,21126
2563,3273,18825
2564,3274,27596
2565,3275,31846
2566,3276,33508
2567,3277,33921
2568,3278,15426
2569,3279,25888
2570,3281,17457
2571,3282,18993
2572,3283,17457
2573,3284,30073
2574,3285,5176
2575,3286,32592
2576,3287,28999
2577,3287,11404
2578,3287,26347
2579,3287,15606
2580,3287,23901
2581,3287,34161
2582,3287,25213
2583,3287,4368
2584,3287,15616
2585,3287,23243
2586,3288,218
2587,3289,27119
2588,3291,25143
2589,3292,32678
2590,3293,29403
2591,3294,12396
2592,3295,17034
2593,3296,8646
2594,3297,21246
2595,3298,35291
2596,3299,3180
2597,3300,14756
2598,3302,8556
2599,3304,30980
2600,3305,24215
2601,3306,5147
2602,3307,35413
2603,3308,1389
2604,3310,35116
2605,3311,12459
2606,3312,30408
2607,3313,25689
2608,3315,14270
2609,3316,33408
2610,3318,29705
2611,3319,20057
2612,3320,6965
2613,3321,20315
2614,3322,4955
2615,3324,21522
2616,3325,1598
2617,3326,11307
2618,3327,25126
2619,3328,23163
2620,3329,35235
2621,3330,5866
2622,3332,20903
2623,3333,24062
2624,3334,20772
2625,3335,18047
2626,3336,18047
2627,3338,16206
2628,3340,2398
2629,3342,31042
2630,3343,19805
2631,3344,19805
2632,3344,33864
2633,3345,19805
2634,3345,33864
2635,3346,31042
2636,3347,19805
2637,3348,19805
2638,3349,34115
2639,3350,2289
2640,3351,26420
2641,3352,20334
2642,3354,32509
2643,3357,29046
2644,3358,31117
2645,3359,23899
2646,3360,8714
2647,3362,13091
2648,3363,32784
2649,3363,32698
2650,3364,32550
2651,3366,8802
2652,3367,16077
2653,3368,25285
2654,3370,26457
2655,3372,7525
2656,3373,33705
2657,3374,34542
2658,3376,27387
2659,3377,27387
2660,3378,32400
2661,3379,11085
2662,3381,36919
2663,3382,26464
2664,3383,16273
2665,3384,23042
2666,3385,3534
2667,3386,7423
2668,3388,32249
2669,3391,28806
2670,3392,7840
2671,3393,2153
2672,3394,3423
2673,3395,26398
2674,3397,10672
2675,3398,18040
2676,3399,29899
2677,3400,14947
2678,3403,20536
2679,3404,32345
2680,3405,26727
2681,3405,4572
2682,3406,8460
2683,3409,124
2684,3409,22248
2685,3410,27324
2686,3411,3671
2687,3412,30604
2688,3414,11317
2689,3415,16615
2690,3415,28059
2691,3418,31571
2692,3420,35828
2693,3421,30842
2694,3424,27473
2695,3425,9545
2696,3426,10958
2697,3426,16454
2698,3427,1188
2699,3430,19125
2700,3431,19125
2701,3432,21890
2702,3433,26139
2703,3434,16316
2704,3435,5832
2705,3436,25367
2706,3438,15601
2707,3438,10234
2708,3443,12108
2709,3444,12449
2710,3446,24179
2711,3446,33793
2712,3447,24179
2713,3447,33793
2714,3448,33793
2715,3449,33793
2716,3450,33793
2717,3452,24179
2718,3452,33793
2719,3453,34456
2720,3454,27960
2721,3456,30193
2722,3457,25593
2723,3458,7875
2724,3459,35713
2725,3460,2430
2726,3461,17457
2727,3462,28189
2728,3465,32250
2729,3466,2260
2730,3467,33830
2731,3468,28968
2732,3469,32160
2733,3470,28672
2734,3471,32775
2735,3472,28232
2736,3474,33461
2737,3475,24940
2738,3477,36452
2739,3478,18993
2740,3479,30125
2741,3480,34687
2742,3481,8598
2743,3482,7985
2744,3483,29980
2745,3485,5345
2746,3486,19509
2747,3486,25087
2748,3487,7598
2749,3487,33004
2750,3488,20628
2751,3490,11762
2752,3495,2823
2753,3497,26653
2754,3498,28880
2755,3507,1032
2756,3508,32947
2757,3509,21234
2758,3510,32046
2759,3511,34714
2760,3513,12023
2761,3514,6422
2762,3515,31138
2763,3517,20801
2764,3518,9923
2765,3521,20751
2766,3521,9547
2767,3522,3313
2768,3523,23491
2769,3525,10559
2770,3526,32851
2771,3527,21022
2772,3529,29859
2773,3530,34376
2774,3531,27409
2775,3533,4903
2776,3538,1185
2777,3538,28487
2778,3540,14147
2779,3541,25504
2780,3543,17873
2781,3544,22247
2782,3545,16973
2783,3546,10986
2784,3547,28146
2785,3547,25221
2786,3548,23066
2787,3550,15962
2788,3552,22445
2789,3553,23454
2790,3554,7418
2791,3554,10840
2792,3555,9912
2793,3556,19797
2794,3558,2001
2795,3559,10103
2796,3559,36848
2797,3560,29293
2798,3561,29122
2799,3562,29122
2800,3563,29122
2801,3566,3693
2802,3567,19528
2803,3568,34989
2804,3570,4849
2805,3571,36542
2806,3572,35983
2807,3575,6187
2808,3577,15723
2809,3578,30573
2810,3580,28515
2811,3583,2220
2812,3583,32286
2813,3585,2035
2814,3585,32453
2815,3588,23047
2816,3589,28711
2817,3590,23047
2818,3596,11991
2819,3598,3302
2820,3600,14762
2821,3602,21735
2822,3603,26157
2823,3603,31947
2824,3603,7986
2825,3604,34075
2826,3605,7944
2827,3605,7307
2828,3606,18446
2829,3607,16049
2830,3608,20692
2831,3609,15968
2832,3610,13492
2833,3614,25752
2834,3616,14991
2835,3617,35184
2836,3618,11418
2837,3621,4904
2838,3623,14637
2839,3624,14871
2840,3625,2878
2841,3626,29107
2842,3627,27721
2843,3628,26570
2844,3630,15954
2845,3630,18902
2846,3634,35405
2847,3635,17147
2848,3636,16113
2849,3637,9488
2850,3638,18304
2851,3639,19417
2852,3640,1322
2853,3641,30667
2854,3641,27774
2855,3642,5949
2856,3643,27221
2857,3645,35382
2858,3647,32424
2859,3648,14791
2860,3649,13644
2861,3651,17515
2862,3652,11442
2863,3653,10708
2864,3654,26930
2865,3655,9686
2866,3658,28698
2867,3659,13112
2868,3660,9541
2869,3662,33809
2870,3663,28924
2871,3664,13576
2872,3665,22336
2873,3666,28399
2874,3667,32330
2875,3669,27185
2876,3671,27185
2877,3672,27185
2878,3673,27185
2879,3675,27185
2880,3676,36514
2881,3682,21615
2882,3684,27791
2883,3687,24954
2884,3689,35595
2885,3690,28216
2886,3694,31770
2887,3695,10877
2888,3696,12172
2889,3697,32402
2890,3699,19125
2891,3701,14278
2892,3701,32374
2893,3702,10732
2894,3702,16647
2895,3704,32535
2896,3705,22977
2897,3706,9389
2898,3708,32156
2899,3709,6532
2900,3710,21872
2901,3711,18876
2902,3712,14155
2903,3713,13986
2904,3714,15011
2905,3714,24931
2906,3717,2180
2907,3718,32978
2908,3719,8202
2909,3720,26042
2910,3721,16729
2911,3723,16434
2912,3724,13376
2913,3725,1089
2914,3726,34050
2915,3728,30304
2916,3730,12080
2917,3732,20212
2918,3733,32709
2919,3736,6623
2920,3737,20377
2921,3738,20377
2922,3739,20377
2923,3744,13476
2924,3748,14670
2925,3750,27424
2926,3753,6051
2927,3755,2044
2928,3756,2044
2929,3758,26013
2930,3759,7209
2931,3760,2285
2932,3760,24036
2933,3762,25733
2934,3763,1320
2935,3764,33630
2936,3765,19315
2937,3768,29592
2938,3770,33749
2939,3771,26013
2940,3772,32250
2941,3774,2000
2942,3777,32399
2943,3778,624
2944,3780,8259
2945,3781,2788
2946,3782,32117
2947,3786,21908
2948,3787,6497
2949,3788,36500
2950,3789,2451
2951,3791,31791
2952,3793,1572
2953,3794,14905
2954,3795,17700
2955,3796,10708
2956,3797,16113
2957,3798,8714
2958,3799,22192
2959,3800,14714
2960,3801,20486
2961,3802,20486
2962,3803,20486
2963,3804,20486
2964,3805,1959
2965,3806,28030
2966,3806,14411
2967,3807,17039
2968,3809,36770
2969,3810,30143
2970,3811,27861
2971,3813,27508
2972,3813,35176
2973,3814,2878
2974,3817,19476
2975,3824,12653
2976,3825,27162
2977,3826,33756
2978,3827,36770
2979,3827,17457
2980,3827,2879
2981,3827,8714
2982,3828,29953
2983,3829,21522
2984,3830,14757
2985,3831,11479
2986,3833,27231
2987,3834,9211
2988,3835,8287
2989,3836,28839
2990,3837,2843
2991,3838,11504
2992,3840,5277
2993,3840,15265
2994,3841,15479
2995,3842,6709
2996,3843,25254
2997,3844,10055
2998,3844,34091
2999,3846,4035
3000,3847,23553
3001,3849,30435
3002,3850,31411
3003,3851,55
3004,3852,13372
3005,3857,20459
3006,3859,33645
3007,3860,35136
3008,3861,26469
3009,3862,4102
3010,3863,1639
3011,3864,1714
3012,3867,11359
3013,3869,19886
3014,3872,27254
3015,3873,10549
3016,3874,5851
3017,3875,7985
3018,3876,31993
3019,3879,24638
3020,3880,21948
3021,3882,25515
3022,3883,29954
3023,3884,21262
3024,3885,23926
3025,3886,28030
3026,3886,14411
3027,3887,25561
3028,3888,30455
3029,3889,30455
3030,3891,23282
3031,3892,27629
3032,3893,1855
3033,3896,17902
3034,3897,5882
3035,3898,4034
3036,3901,31505
3037,3902,33343
3038,3903,8017
3039,3904,16091
3040,3905,34097
3041,3906,16102
3042,3909,31004
3043,3910,3762
3044,3911,8005
3045,3912,27591
3046,3913,13512
3047,3914,23218
3048,3915,24681
3049,3916,31000
3050,3917,26222
3051,3918,13811
3052,3919,24433
3053,3920,27563
3054,3921,24909
3055,3922,26861
3056,3923,1862
3057,3924,7976
3058,3926,6914
3059,3928,32393
3060,3929,20774
3061,3930,19227
3062,3931,20774
3063,3935,5235
3064,3937,1466
3065,3938,26595
3066,3939,15333
3067,3940,16369
3068,3941,14336
3069,3944,24628
3070,3946,21522
3071,3948,27318
3072,3949,32704
3073,3950,25285
3074,3952,10408
3075,3954,6187
3076,3955,8135
3077,3956,7940
3078,3957,14819
3079,3958,8368
3080,3959,10058
3081,3962,23761
3082,3965,23761
3083,3967,19726
3084,3967,10092
3085,3972,12957
3086,3973,25739
3087,3974,28696
3088,3977,21184
3089,3979,6623
3090,3983,24762
3091,3984,31209
3092,3985,34665
3093,3987,36353
3094,3988,25502
3095,3989,25900
3096,3990,7164
3097,3991,32529
3098,3991,3424
3099,3993,454
3100,3994,8753
3101,3995,7613
3102,3996,33875
3103,3997,26923
3104,3998,12632
3105,3998,30934
3106,3999,4544
3107,3999,28635
3108,4000,18204
3109,4001,24144
3110,4002,30018
3111,4003,22643
3112,4004,29640
3113,4005,15352
3114,4006,28030
3115,4006,14411
3116,4007,24633
3117,4008,22790
3118,4009,22049
3119,4014,23640
3120,4015,13870
3121,4017,25279
3122,4018,26338
3123,4018,21889
3124,4022,2416
3125,4023,30342
3126,4024,4445
3127,4026,4552
3128,4027,31320
3129,4028,20490
3130,4030,14459
3131,4030,6869
3132,4032,3852
3133,4033,3852
3134,4034,17079
3135,4035,3609
3136,4036,16587
3137,4036,16616
3138,4037,15858
3139,4038,11274
3140,4039,12844
3141,4040,29638
3142,4041,8162
3143,4041,12718
3144,4042,6450
3145,4043,25858
3146,4045,27726
3147,4046,19691
3148,4048,14247
3149,4050,24087
3150,4051,34005
3151,4052,3402
3152,4053,10479
3153,4055,25195
3154,4056,15687
3155,4056,5046
3156,4058,2003
3157,4059,16998
3158,4061,31402
3159,4061,12081
3160,4062,1026
3161,4063,11351
3162,4064,30191
3163,4065,4253
3164,4067,28301
3165,4068,30520
3166,4068,841
3167,4069,25868
3168,4070,7652
3169,4071,6399
3170,4072,25947
3171,4073,19227
3172,4074,11489
3173,4075,32335
3174,4076,29507
3175,4077,22586
3176,4081,14905
3177,4083,6902
3178,4090,27690
3179,4090,2437
3180,4090,1515
3181,4091,30859
3182,4092,30859
3183,4092,23476
3184,4093,30859
3185,4095,19129
3186,4096,18224
3187,4097,8106
3188,4098,26701
3189,4099,10516
3190,4099,26981
3191,4100,32158
3192,4101,3559
3193,4102,12146
3194,4108,2163
3195,4109,30610
3196,4111,10463
3197,4111,10465
3198,4112,9318
3199,4117,22319
3200,4118,2429
3201,4120,11393
3202,4121,22743
3203,4122,33664
3204,4123,25773
3205,4124,21214
3206,4125,21522
3207,4126,33315
3208,4127,27726
3209,4129,9770
3210,4130,10212
3211,4131,10212
3212,4133,19226
3213,4136,17934
3214,4138,24475
3215,4139,14598
3216,4140,20206
3217,4141,18147
3218,4143,15064
3219,4145,3799
3220,4146,16856
3221,4147,27414
3222,4148,28819
3223,4148,10803
3224,4149,7999
3225,4150,2931
3226,4151,7948
3227,4152,25819
3228,4153,2530
3229,4153,29480
3230,4154,11996
3231,4155,32141
3232,4156,6399
3233,4160,12957
3234,4160,36253
3235,4160,821
3236,4162,24176
3237,4163,24147
3238,4164,33410
3239,4165,3313
3240,4166,35738
3241,4167,18999
3242,4169,90
3243,4170,27957
3244,4172,25733
3245,4173,23520
3246,4175,22047
3247,4177,25908
3248,4177,20581
3249,4178,4809
3250,4179,36500
3251,4183,28859
3252,4184,643
3253,4185,13014
3254,4186,32373
3255,4187,35726
3256,4188,3525
3257,4189,32319
3258,4189,2155
3259,4190,35726
3260,4190,32951
3261,4191,9192
3262,4192,35026
3263,4192,1336
3264,4193,35726
3265,4194,23492
3266,4194,32373
3267,4195,35726
3268,4196,7454
3269,4196,35726
3270,4197,3451
3271,4197,10092
3272,4198,9192
3273,4198,2155
3274,4198,3451
3275,4199,9192
3276,4199,32373
3277,4200,11648
3278,4201,19771
3279,4203,28806
3280,4204,34066
3281,4206,27450
3282,4208,33515
3283,4208,33518
3284,4210,35686
3285,4211,10067
3286,4212,35686
3287,4214,33517
3288,4214,13302
3289,4215,29010
3290,4215,14304
3291,4219,33518
3292,4222,9172
3293,4223,3841
3294,4224,2780
3295,4225,14339
3296,4228,5809
3297,4230,23157
3298,4231,3518
3299,4232,14714
3300,4235,8779
3301,4236,22425
3302,4237,33353
3303,4239,8288
3304,4240,1814
3305,4242,32575
3306,4243,15056
3307,4244,33644
3308,4244,957
3309,4245,26727
3310,4245,35657
3311,4245,32335
3312,4245,12040
3313,4245,32330
3314,4245,14218
3315,4245,16327
3316,4245,9606
3317,4245,26302
3318,4245,4809
3319,4245,29432
3320,4245,14242
3321,4248,2312
3322,4249,33653
3323,4250,5020
3324,4251,32330
3325,4252,34154
3326,4254,28699
3327,4255,8750
3328,4256,25924
3329,4257,631
3330,4258,25441
3331,4259,19537
3332,4260,2722
3333,4261,7166
3334,4263,31354
3335,4264,35406
3336,4265,2320
3337,4266,1026
3338,4267,24282
3339,4268,7208
3340,4268,17473
3341,4269,21064
3342,4270,14905
3343,4271,8332
3344,4272,24240
3345,4273,2262
3346,4274,7985
3347,4275,34690
3348,4276,36038
3349,4277,21286
3350,4278,30412
3351,4279,2008
3352,4280,25254
3353,4281,32928
3354,4282,24692
3355,4283,1284
3356,4283,4125
3357,4284,14189
3358,4285,27183
3359,4286,34885
3360,4287,27642
3361,4290,19078
3362,4291,15165
3363,4295,30370
3364,4296,7332
3365,4297,7158
3366,4299,9172
3367,4300,5480
3368,4301,19846
3369,4301,5556
3370,4302,24378
3371,4303,5719
3372,4305,5041
3373,4306,32028
3374,4306,20357
3375,4307,36813
3376,4308,29982
3377,4309,25744
3378,4311,35534
3379,4314,13712
3380,4315,7871
3381,4316,5719
3382,4317,24652
3383,4319,27429
3384,4320,7514
3385,4321,13082
3386,4322,24401
3387,4322,31625
3388,4324,1096
3389,4325,29957
3390,4328,6818
3391,4331,13689
3392,4332,13689
3393,4332,14782
3394,4333,13689
3395,4334,14782
3396,4334,13689
3397,4335,13689
3398,4336,8497
3399,4336,23518
3400,4339,25870
3401,4342,23248
3402,4343,27069
3403,4343,14297
3404,4345,35589
3405,4346,8144
3406,4348,17137
3407,4352,31734
3408,4352,35818
3409,4353,15912
3410,4356,24942
3411,4357,617
3412,4358,22851
3413,4359,34711
3414,4360,34711
3415,4361,8074
3416,4363,7423
3417,4364,3947
3418,4365,3408
3419,4366,2799
3420,4367,31616
3421,4368,5145
3422,4369,23822
3423,4373,8979
3424,4375,6904
3425,4377,29631
3426,4379,7594
3427,4380,27683
3428,4381,31374
3429,4382,33653
3430,4383,14513
3431,4385,18847
3432,4385,10759
3433,4393,8467
3434,4394,23258
3435,4395,3995
3436,4395,11459
3437,4396,27183
3438,4397,35267
3439,4398,12747
3440,4399,25362
3441,4400,18887
3442,4401,12267
3443,4405,12656
3444,4406,12277
3445,4407,22195
3446,4408,22195
3447,4409,12277
3448,4410,22195
3449,4411,12969
3450,4412,34375
3451,4413,33461
3452,4414,1801
3453,4415,22091
3454,4416,28030
3455,4416,14411
3456,4417,24530
3457,4418,26873
3458,4419,1476
3459,4420,29507
3460,4421,21334
3461,4422,31950
3462,4423,11431
3463,4424,11983
3464,4425,16227
3465,4426,21022
3466,4427,29082
3467,4427,4037
3468,4428,5812
3469,4436,26017
3470,4437,11515
3471,4440,36332
3472,4441,24735
3473,4442,30738
3474,4443,14107
3475,4444,12492
3476,4447,25907
3477,4448,36500
3478,4451,16583
3479,4453,34336
3480,4454,8464
3481,4455,9112
3482,4456,18446
3483,4457,19627
3484,4458,18987
3485,4459,18307
3486,4459,15716
3487,4461,3188
3488,4463,10545
3489,4464,16402
3490,4465,18019
3491,4466,12284
3492,4469,33798
3493,4470,7456
3494,4474,11479
3495,4475,24932
3496,4476,30766
3497,4477,34335
3498,4478,14282
3499,4481,36253
3500,4482,17166
3501,4483,12284
3502,4484,30404
3503,4485,22049
3504,4486,2320
3505,4487,25081
3506,4489,3409
3507,4491,29977
3508,4492,27623
3509,4493,15355
3510,4494,29367
3511,4495,30538
3512,4499,34841
3513,4500,11346
3514,4501,3857
3515,4502,4862
3516,4504,34059
3517,4507,20216
3518,4508,2712
3519,4509,33836
3520,4510,28391
3521,4510,33836
3522,4511,12741
3523,4511,27462
3524,4515,18431
3525,4515,14018
3526,4516,5494
3527,4517,26785
3528,4517,14314
3529,4518,11023
3530,4519,1280
3531,4520,1280
3532,4522,29412
3533,4523,22027
3534,4524,11755
3535,4525,30286
3536,4526,33507
3537,4527,9069
3538,4528,22027
3539,4529,26731
3540,4530,11928
3541,4531,26485
3542,4531,18672
3543,4533,25617
3544,4534,25617
3545,4535,20238
3546,4536,7607
3547,4537,26839
3548,4538,34117
3549,4539,25324
3550,4539,27399
3551,4540,11233
3552,4542,29636
3553,4543,19785
3554,4544,26800
3555,4545,29893
3556,4546,7316
3557,4550,7493
3558,4550,34718
3559,4551,9982
3560,4555,19314
3561,4556,19314
3562,4557,21476
3563,4559,22255
3564,4560,11670
3565,4561,14027
3566,4561,14025
3567,4562,20693
3568,4564,19846
3569,4565,32423
3570,4566,32423
3571,4570,4489
3572,4571,4489
3573,4575,25250
3574,4575,14667
3575,4577,24295
3576,4578,10721
3577,4580,31156
3578,4581,10847
3579,4583,25668
3580,4584,18204
3581,4586,27094
3582,4587,27094
3583,4588,27094
3584,4589,34691
3585,4592,23122
3586,4593,7209
3587,4594,3688
3588,4595,3688
3589,4596,3688
3590,4598,25733
3591,4599,4603
3592,4600,18703
3593,4601,3783
3594,4603,2242
3595,4604,8147
3596,4605,25616
3597,4607,26844
3598,4607,19490
3599,4608,2783
3600,4609,10549
3601,4610,617
3602,4611,23873
3603,4613,13418
3604,4616,1102
3605,4617,34376
3606,4618,6809
3607,4619,12751
3608,4620,27172
3609,4621,10658
3610,4622,17423
3611,4624,22303
3612,4625,22303
3613,4626,5985
3614,4627,5985
3615,4629,22303
3616,4630,22303
3617,4633,31644
3618,4634,23568
3619,4635,23568
3620,4636,30836
3621,4637,31124
3622,4638,8594
3623,4639,3775
3624,4641,2386
3625,4642,3293
3626,4643,24067
3627,4645,29084
3628,4646,23480
3629,4647,33858
3630,4648,25299
3631,4650,29367
3632,4651,14548
3633,4652,12741
3634,4652,27462
3635,4657,21231
3636,4659,25870
3637,4660,33082
3638,4661,25038
3639,4662,23034
3640,4663,4343
3641,4663,23274
3642,4664,28999
3643,4664,15430
3644,4665,13630
3645,4666,34145
3646,4667,22059
3647,4668,15950
3648,4670,7777
3649,4671,33798
3650,4674,7777
3651,4675,20262
3652,4676,6183
3653,4677,21896
3654,4679,12640
3655,4681,9389
3656,4682,19588
3657,4683,36500
3658,4684,26778
3659,4685,18646
3660,4688,6405
3661,4690,3998
3662,4691,26137
3663,4692,14763
3664,4693,21841
3665,4693,2193
3666,4694,2770
3667,4695,15259
3668,4696,23442
3669,4700,28650
3670,4701,33121
3671,4702,21958
3672,4703,15964
3673,4703,24439
3674,4704,9222
3675,4708,8084
3676,4709,290
3677,4709,20690
3678,4710,20774
3679,4711,23463
3680,4713,11776
3681,4714,24191
3682,4715,5894
3683,4715,26967
3684,4716,8714
3685,4718,26460
3686,4719,18993
3687,4721,28429
3688,4722,33785
3689,4724,5868
3690,4725,32530
3691,4725,35101
3692,4725,11384
3693,4725,34979
3694,4728,16432
3695,4731,16719
3696,4733,21647
3697,4733,13245
3698,4734,27407
3699,4736,1168
3700,4737,11019
3701,4738,27722
3702,4739,1827
3703,4740,25889
3704,4741,27079
3705,4742,5949
3706,4743,1738
3707,4744,1166
3708,4747,9386
3709,4748,7127
3710,4749,10721
3711,4750,12096
3712,4752,10739
3713,4753,17086
3714,4754,8005
3715,4755,3313
3716,4756,27812
3717,4757,16247
3718,4758,4239
3719,4759,28048
3720,4762,35887
3721,4763,24014
3722,4765,7860
3723,4768,25765
3724,4769,10947
3725,4771,29831
3726,4771,6365
3727,4773,7527
3728,4774,32509
3729,4775,11222
3730,4776,32949
3731,4777,15008
3732,4778,9584
3733,4779,18515
3734,4781,223
3735,4782,13302
3736,4786,498
3737,4787,18265
3738,4790,25126
3739,4791,15148
3740,4792,22471
3741,4793,21244
3742,4795,26945
3743,4796,19125
3744,4797,4585
3745,4798,21522
3746,4800,32335
3747,4802,8772
3748,4804,6160
3749,4805,26062
3750,4806,32626
3751,4809,10671
3752,4810,3775
3753,4811,15988
3754,4813,26435
3755,4813,35549
3756,4814,2884
3757,4814,21038
3758,4815,12366
3759,4816,5775
3760,4817,23912
3761,4818,31473
3762,4819,28989
3763,4820,21885
3764,4821,10055
3765,4821,31629
3766,4824,13825
3767,4825,27008
3768,4826,20583
3769,4827,1035
3770,4828,5215
3771,4829,14227
3772,4831,28001
3773,4833,19591
3774,4833,36137
3775,4833,15098
3776,4833,18511
3777,4834,25663
3778,4835,14619
3779,4836,34323
3780,4837,35656
3781,4838,28171
3782,4839,17579
3783,4840,17579
3784,4841,1392
3785,4842,17460
3786,4843,17246
3787,4844,14823
3788,4844,886
3789,4845,16264
3790,4846,3671
3791,4847,24763
3792,4848,776
3793,4848,18987
3794,4849,3775
3795,4849,26577
3796,4849,31938
3797,4849,26129
3798,4849,35310
3799,4850,18999
3800,4851,35117
3801,4852,222
3802,4853,7502
3803,4853,8956
3804,4854,26834
3805,4855,18799
3806,4856,25031
3807,4857,6651
3808,4858,35244
3809,4860,11236
3810,4861,22254
3811,4862,8017
3812,4863,2439
3813,4864,5183
3814,4866,31181
3815,4867,25810
3816,4867,32097
3817,4867,28384
3818,4867,28445
3819,4869,21022
3820,4870,855
3821,4871,13714
3822,4871,5081
3823,4873,27701
3824,4874,6598
3825,4875,16421
3826,4877,946
3827,4878,29858
3828,4879,28087
3829,4880,25616
3830,4881,124
3831,4881,22248
3832,4882,11197
3833,4883,7604
3834,4883,16513
3835,4884,14835
3836,4886,27358
3837,4887,34134
3838,4890,1328
3839,4894,12089
3840,4894,7958
3841,4895,15718
3842,4897,18995
3843,4898,33544
3844,4901,18995
3845,4901,24105
3846,4903,19306
3847,4906,25094
3848,4908,36718
3849,4909,35779
3850,4910,28737
3851,4914,11143
3852,4916,35811
3853,4917,9421
3854,4918,29952
3855,4920,32362
3856,4921,31446
3857,4922,31355
3858,4923,30867
3859,4926,8634
3860,4947,5978
3861,4947,18754
3862,4957,14184
3863,4958,3245
3864,4959,30163
3865,4961,10958
3866,4962,31993
3867,4963,30412
3868,4964,6352
3869,4964,16525
3870,4964,11998
3871,4967,29846
3872,4969,20053
3873,4970,12013
3874,4971,19671
3875,4972,35818
3876,4973,4266
3877,4975,16219
3878,4976,32254
3879,4977,20614
3880,4977,6875
3881,4979,33158
3882,4982,19671
3883,4983,6651
3884,4985,4268
3885,4987,17407
3886,4988,12820
3887,4988,3040
3888,4990,24831
3889,4991,3832
3890,4992,36612
3891,4992,6607
3892,4994,24240
3893,4995,30118
3894,4999,13287
3895,5001,27703
3896,5002,17245
3897,5003,27387
3898,5004,2880
3899,5006,28859
3900,5007,28859
3901,5008,28859
3902,5009,28859
3903,5010,27859
3904,5011,20622
3905,5012,29299
3906,5012,16116
3907,5013,6419
3908,5015,20731
3909,5016,20731
3910,5017,29735
3911,5019,27695
3912,5020,23260
3913,5021,33235
3914,5023,34690
3915,5025,14074
3916,5026,7328
3917,5026,32449
3918,5029,21394
3919,5030,9189
3920,5031,35136
3921,5033,35595
3922,5040,5502
3923,5042,29300
3924,5043,31653
3925,5044,27904
3926,5044,904
3927,5046,30341
3928,5047,28371
3929,5048,27181
3930,5049,13032
3931,5052,36038
3932,5053,22248
3933,5053,124
3934,5054,124
3935,5054,22248
3936,5055,2289
3937,5056,16264
3938,5057,27876
3939,5058,26746
3940,5059,12494
3941,5060,20739
3942,5060,11700
3943,5061,27580
3944,5064,22049
3945,5065,26573
3946,5066,4280
3947,5068,21277
3948,5069,15139
3949,5069,33862
3950,5070,8831
3951,5071,3844
3952,5072,32068
3953,5074,20037
3954,5076,6870
3955,5077,26816
3956,5078,8639
3957,5079,18983
3958,5081,19643
3959,5082,3889
3960,5084,202
3961,5084,32125
3962,5085,26881
3963,5085,28339
3964,5086,2763
3965,5087,15855
3966,5088,8533
3967,5089,27695
3968,5090,27619
3969,5091,2879
3970,5093,10071
3971,5094,30138
3972,5095,34756
3973,5096,18570
3974,5097,11733
3975,5098,27726
3976,5099,11879
3977,5100,35291
3978,5101,1782
3979,5104,1045
3980,5104,27780
3981,5105,24067
3982,5106,36565
3983,5107,28896
3984,5108,23235
3985,5109,13199
3986,5113,13188
3987,5114,2320
3988,5115,20609
3989,5116,34133
3990,5119,31161
3991,5122,4059
3992,5123,24919
3993,5126,17543
3994,5128,23118
3995,5132,9505
3996,5134,7152
3997,5135,16017
3998,5136,1812
3999,5137,21726
4000,5139,32402
4001,5141,6889
4002,5141,19800
4003,5142,23873
4004,5143,4086
4005,5148,2283
4006,5149,4883
4007,5150,4132
4008,5151,29823
4009,5152,32474
4010,5153,17997
4011,5154,30226
4012,5155,4883
4013,5156,18413
4014,5157,31003
4015,5158,3405
4016,5159,1537
4017,5160,21885
4018,5161,17022
4019,5163,31315
4020,5164,31315
4021,5167,26475
4022,5168,28235
4023,5169,22873
4024,5171,20064
4025,5171,354
4026,5172,2140
4027,5173,16552
4028,5173,35870
4029,5175,36817
4030,5177,36294
4031,5178,6187
4032,5179,35110
4033,5181,2180
4034,5181,2186
4035,5182,11774
4036,5182,11394
4037,5183,19612
4038,5186,15724
4039,5187,14479
4040,5187,14154
4041,5189,29867
4042,5190,10719
4043,5193,33710
4044,5196,28030
4045,5196,14411
4046,5197,28030
4047,5197,14411
4048,5198,28030
4049,5198,14411
4050,5199,10708
4051,5200,5069
4052,5201,14901
4053,5203,15982
4054,5204,27463
4055,5206,25922
4056,5207,14152
4057,5208,16175
4058,5210,22659
4059,5212,21126
4060,5213,15998
4061,5214,28277
4062,5215,27021
4063,5218,8579
4064,5218,20677
4065,5219,30470
4066,5219,25118
4067,5219,20811
4068,5221,7300
4069,5224,3293
4070,5225,21446
4071,5225,21662
4072,5225,20575
4073,5226,13678
4074,5227,28710
4075,5228,8067
4076,5229,31279
4077,5230,2127
4078,5231,1798
4079,5232,13688
4080,5233,32371
4081,5234,34618
4082,5235,26987
4083,5236,24926
4084,5241,33644
4085,5241,957
4086,5242,12438
4087,5243,218
4088,5244,15726
4089,5244,7133
4090,5245,15937
4091,5246,25254
4092,5247,32958
4093,5248,32958
4094,5249,32958
4095,5250,15937
4096,5251,4701
4097,5252,32099
4098,5253,11132
4099,5254,25670
4100,5255,23499
4101,5256,23499
4102,5257,29957
4103,5258,24425
4104,5260,23756
4105,5261,22049
4106,5262,1325
4107,5264,36391
4108,5266,18207
4109,5267,10201
4110,5268,28728
4111,5269,24679
4112,5270,8737
4113,5271,34060
4114,5272,35357
4115,5273,30660
4116,5275,19700
4117,5276,14159
4118,5277,22385
4119,5278,22549
4120,5278,14479
4121,5280,26564
4122,5280,860
4123,5281,31495
4124,5282,31138
4125,5283,30562
4126,5285,32943
4127,5286,29088
4128,5289,15903
4129,5290,27160
4130,5291,23139
4131,5292,14713
4132,5294,12459
4133,5296,32444
4134,5296,26361
4135,5297,3384
4136,5298,27409
4137,5299,32160
4138,5300,28707
4139,5301,14868
4140,5303,11296
4141,5304,8064
4142,5306,6452
4143,5307,1799
4144,5309,29825
4145,5309,30514
4146,5310,6399
4147,5311,26797
4148,5312,28859
4149,5314,7896
4150,5315,7896
4151,5317,14968
4152,5319,8638
4153,5320,21522
4154,5321,1157
4155,5322,8068
4156,5323,6814
4157,5324,26604
4158,5325,35265
4159,5326,32587
4160,5327,27760
4161,5328,30451
4162,5329,10560
4163,5330,35122
4164,5331,28939
4165,5332,35157
4166,5332,2879
4167,5333,11623
4168,5334,12095
4169,5335,12292
4170,5336,23230
4171,5337,3767
4172,5338,9448
4173,5339,18657
4174,5339,25940
4175,5341,6992
4176,5342,27000
4177,5343,27231
4178,5344,33785
4179,5347,24351
4180,5348,13852
4181,5349,30154
4182,5351,10
4183,5352,36294
4184,5353,1995
4185,5354,23855
4186,5357,18876
4187,5358,35444
4188,5359,35444
4189,5360,35444
4190,5362,26136
4191,5364,17212
4192,5365,23019
4193,5366,1836
4194,5368,7453
4195,5369,5038
4196,5369,11170
4197,5370,2437
4198,5372,15968
4199,5373,27655
4200,5374,10715
4201,5375,9595
4202,5376,32392
4203,5377,27619
4204,5378,27701
4205,5379,7127
4206,5380,809
4207,5382,11783
4208,5383,4518
4209,5384,24101
4210,5385,20459
4211,5386,6443
4212,5386,21377
4213,5388,25390
4214,5389,24581
4215,5390,19910
4216,5391,11663
4217,5392,2117
4218,5393,29046
4219,5394,29046
4220,5395,11236
4221,5396,16
4222,5397,27696
4223,5398,27696
4224,5399,34939
4225,5400,35153
4226,5401,17340
4227,5402,34768
4228,5404,454
4229,5405,18169
4230,5405,1700
4231,5406,27626
4232,5408,7426
4233,5409,27181
4234,5411,15265
4235,5412,21055
4236,5415,10914
4237,5416,13985
4238,5417,15989
4239,5418,14933
4240,5419,32913
4241,5421,20774
4242,5422,13199
4243,5423,18213
4244,5426,8838
4245,5428,18360
4246,5429,17921
4247,5430,21161
4248,5431,32424
4249,5433,32099
4250,5434,11933
4251,5434,22740
4252,5435,19301
4253,5436,1312
4254,5437,12695
4255,5438,12960
4256,5438,17887
4257,5438,15492
4258,5440,8967
4259,5441,9342
4260,5443,35601
4261,5444,35601
4262,5445,4398
4263,5446,11326
4264,5448,16077
4265,5449,30513
4266,5450,32434
4267,5451,21182
4268,5452,8935
4269,5453,28030
4270,5453,14411
4271,5454,28568
4272,5455,21300
4273,5456,15698
4274,5458,14715
4275,5461,4418
4276,5462,26823
4277,5465,547
4278,5468,17598
4279,5469,32835
4280,5471,29892
4281,5472,17598
4282,5473,35013
4283,5474,32835
4284,5475,29892
4285,5476,14319
4286,5477,35013
4287,5478,35013
4288,5478,11276
4289,5479,20426
4290,5480,884
4291,5482,32188
4292,5483,28866
4293,5483,32031
4294,5484,27612
4295,5489,33315
4296,5491,1010
4297,5492,25870
4298,5493,3338
4299,5496,4129
4300,5497,35535
4301,5498,18127
4302,5499,11962
4303,5501,32542
4304,5502,17801
4305,5502,28249
4306,5504,6781
4307,5505,20186
4308,5506,23499
4309,5507,24735
4310,5508,29507
4311,5509,1997
4312,5510,27410
4313,5513,4446
4314,5515,6384
4315,5516,11197
4316,5518,5719
4317,5519,7643
4318,5520,30817
4319,5521,23194
4320,5522,23194
4321,5523,32968
4322,5524,30594
4323,5527,2843
4324,5528,23258
4325,5530,22553
4326,5531,14810
4327,5532,19643
4328,5533,36669
4329,5535,32529
4330,5536,3959
4331,5538,18855
4332,5540,8714
4333,5541,33456
4334,5542,12141
4335,5543,12855
4336,5544,8133
4337,5545,6448
4338,5548,14718
4339,5549,29941
4340,5550,11952
4341,5551,26366
4342,5554,1836
4343,5556,5719
4344,5558,15462
4345,5559,20940
4346,5560,24597
4347,5560,287
4348,5561,24248
4349,5561,4476
4350,5562,25613
4351,5564,12172
4352,5565,19322
4353,5565,34690
4354,5566,27770
4355,5567,25766
4356,5569,22290
4357,5570,30081
4358,5571,27756
4359,5572,26042
4360,5574,2931
4361,5576,28010
4362,5577,406
4363,5577,28351
4364,5578,28351
4365,5579,27627
4366,5579,18849
4367,5580,15577
4368,5580,27195
4369,5581,8569
4370,5582,1811
4371,5583,28839
4372,5584,28303
4373,5586,3824
4374,5588,14615
4375,5590,1791
4376,5591,379
4377,5592,3775
4378,5592,26129
4379,5593,27865
4380,5594,27865
4381,5595,27865
4382,5596,10708
4383,5597,10462
4384,5597,2836
4385,5600,35338
4386,5601,13317
4387,5602,11364
4388,5605,33893
4389,5606,20008
4390,5606,4709
4391,5607,20806
4392,5608,14569
4393,5609,12326
4394,5611,8112
4395,5614,16863
4396,5615,2817
4397,5616,14411
4398,5616,28030
4399,5617,26156
4400,5620,1145
4401,5621,25448
4402,5621,32948
4403,5621,27564
4404,5621,28921
4405,5621,11827
4406,5621,23681
4407,5621,33245
4408,5621,21060
4409,5621,165
4410,5621,18858
4411,5621,32950
4412,5625,30978
4413,5627,2428
4414,5628,29052
4415,5629,27510
4416,5633,28800
4417,5634,6734
4418,5635,9040
4419,5637,12000
4420,5639,30613
4421,5640,7087
4422,5642,35589
4423,5644,31087
4424,5645,1377
4425,5645,22920
4426,5645,10565
4427,5645,23879
4428,5645,10510
4429,5646,7556
4430,5648,9483
4431,5651,9372
4432,5652,28227
4433,5653,18284
4434,5654,28605
4435,5655,24872
4436,5656,11059
4437,5658,6990
4438,5658,11992
4439,5660,2092
4440,5662,19809
4441,5664,26024
4442,5664,6080
4443,5666,31739
4444,5667,15728
4445,5668,4391
4446,5669,26945
4447,5671,10039
4448,5672,16001
4449,5673,10371
4450,5674,15696
4451,5675,13308
4452,5675,10227
4453,5676,25307
4454,5678,985
4455,5680,1208
4456,5682,11030
4457,5683,6408
4458,5684,25616
4459,5685,4603
4460,5686,21501
4461,5687,13476
4462,5688,16279
4463,5690,12459
4464,5691,28030
4465,5691,14411
4466,5692,28030
4467,5692,14411
4468,5694,19322
4469,5694,34690
4470,5695,837
4471,5696,125
4472,5697,13163
4473,5698,1325
4474,5699,29113
4475,5700,29113
4476,5701,23109
4477,5703,13301
4478,5705,15039
4479,5706,21318
4480,5708,5442
4481,5710,24423
4482,5711,27296
4483,5714,18278
4484,5715,18278
4485,5716,17011
4486,5717,660
4487,5719,13746
4488,5721,14925
4489,5723,30913
4490,5724,18360
4491,5727,16720
4492,5728,30629
4493,5729,7923
4494,5729,24018
4495,5731,15211
4496,5731,28251
4497,5733,6904
4498,5737,9816
4499,5739,29870
4500,5740,30024
4501,5744,24761
4502,5745,28528
4503,5746,24890
4504,5748,7459
4505,5749,21905
4506,5750,29878
4507,5751,26701
4508,5752,1158
4509,5754,29876
4510,5755,26802
4511,5755,28963
4512,5755,4554
4513,5758,4204
4514,5758,1525
4515,5758,18332
4516,5763,7999
4517,5763,2761
4518,5764,2705
4519,5764,329
4520,5766,15696
4521,5767,4172
4522,5768,4172
4523,5770,34090
4524,5771,12515
4525,5772,33662
4526,5773,32458
4527,5774,28839
4528,5775,28839
4529,5776,28839
4530,5777,28839
4531,5779,14701
4532,5780,16
4533,5781,7843
4534,5782,6656
4535,5784,271
4536,5785,1493
4537,5791,28298
4538,5794,16198
4539,5795,22445
4540,5797,8084
4541,5798,32417
4542,5799,33995
4543,5801,25641
4544,5806,23395
4545,5807,25554
4546,5807,8034
4547,5808,15820
4548,5809,35991
4549,5810,340
4550,5811,35406
4551,5812,5949
4552,5813,840
4553,5814,22578
4554,5815,7731
4555,5816,21522
4556,5817,3065
4557,5817,23934
4558,5818,6064
4559,5818,21366
4560,5818,33247
4561,5818,27094
4562,5821,16199
4563,5825,4643
4564,5826,1154
4565,5828,2878
4566,5829,27610
4567,5831,14316
4568,5832,29278
4569,5833,3145
4570,5834,17701
4571,5836,21394
4572,5840,11523
4573,5841,1704
4574,5842,19863
4575,5842,18197
4576,5846,35025
4577,5847,3901
4578,5848,10257
4579,5848,28157
4580,5849,13755
4581,5850,2135
4582,5853,35968
4583,5854,571
4584,5857,13580
4585,5858,28699
4586,5859,28699
4587,5861,22370
4588,5862,1401
4589,5864,17029
4590,5864,18759
4591,5864,22982
4592,5864,22211
4593,5864,3144
4594,5864,12834
4595,5864,33079
4596,5864,9732
4597,5864,12278
4598,5864,31333
4599,5866,13839
4600,5867,32186
4601,5869,6075
4602,5870,36569
4603,5872,30278
4604,5873,3032
4605,5876,4117
4606,5877,30439
4607,5879,16492
4608,5880,17600
4609,5882,15053
4610,5883,27809
4611,5885,34827
4612,5887,26140
4613,5889,32645
4614,5890,18305
4615,5891,33637
4616,5894,13984
4617,5899,32319
4618,5902,32319
4619,5903,32319
4620,5904,13984
4621,5904,32319
4622,5905,13512
4623,5907,11986
4624,5908,11876
4625,5909,15267
4626,5910,14701
4627,5911,5103
4628,5913,26889
4629,5915,5040
4630,5916,21263
4631,5917,33235
4632,5918,2386
4633,5919,3225
4634,5919,6363
4635,5920,19002
4636,5921,12459
4637,5921,22763
4638,5928,22391
4639,5929,2720
4640,5929,1250
4641,5930,22373
4642,5931,28939
4643,5931,2388
4644,5932,14467
4645,5933,3313
4646,5934,3889
4647,5936,23534
4648,5936,16037
4649,5936,28721
4650,5937,35523
4651,5938,33813
4652,5940,14374
4653,5941,13829
4654,5942,2511
4655,5943,7467
4656,5943,7634
4657,5947,8540
4658,5948,6081
4659,5949,8935
4660,5951,7617
4661,5953,25380
4662,5954,32509
4663,5955,41
4664,5958,30192
4665,5960,26182
4666,5961,23064
4667,5962,12376
4668,5963,6159
4669,5964,9175
4670,5965,1495
4671,5967,15997
4672,5969,28113
4673,5970,36038
4674,5972,29432
4675,5972,7815
4676,5976,25481
4677,5977,31514
4678,5978,24694
4679,5979,13476
4680,5980,12459
4681,5983,44
4682,5984,27753
4683,5985,35405
4684,5986,27510
4685,5987,16966
4686,5988,2982
4687,5989,6363
4688,5989,18281
4689,5990,4892
4690,5991,29957
4691,5992,8968
4692,5993,10617
4693,5994,7589
4694,5995,22049
4695,5997,26366
4696,5998,21522
4697,6000,29552
4698,6001,28301
4699,6002,31951
4700,6003,16190
4701,6005,2783
4702,6007,33203
4703,6008,711
4704,6009,7792
4705,6011,19643
4706,6013,15880
4707,6014,18297
4708,6015,23206
4709,6016,32322
4710,6017,10549
4711,6018,9292
4712,6019,9471
4713,6020,22988
4714,6021,24520
4715,6022,15363
4716,6022,36791
4717,6022,6346
4718,6022,24865
4719,6022,35817
4720,6023,21243
4721,6025,26703
4722,6026,16300
4723,6027,22659
4724,6028,36002
4725,6028,23201
4726,6033,7414
4727,6035,32598
4728,6036,27296
4729,6037,8642
4730,6038,35105
4731,6040,203
4732,6041,203
4733,6042,14867
4734,6043,2320
4735,6045,2788
4736,6049,10660
4737,6049,24247
4738,6050,12477
4739,6052,24597
4740,6052,287
4741,6053,4891
4742,6054,28939
4743,6055,28939
4744,6058,23789
4745,6058,1781
4746,6059,8832
4747,6061,29026
4748,6062,22443
4749,6063,26000
4750,6065,11454
4751,6068,28839
4752,6070,32424
4753,6071,10247
4754,6072,16965
4755,6073,13287
4756,6074,14863
4757,6075,9759
4758,6076,35589
4759,6078,23237
4760,6079,24096
4761,6080,4177
4762,6081,28707
4763,6082,2154
4764,6084,3043
4765,6085,33732
4766,6085,16048
4767,6086,8433
4768,6086,5647
4769,6087,29957
4770,6089,10625
4771,6090,9568
4772,6091,23992
4773,6092,25279
4774,6093,21617
4775,6094,16315
4776,6095,6498
4777,6096,23324
4778,6098,35448
4779,6099,2256
4780,6100,23249
4781,6101,10203
4782,6103,22659
4783,6104,22659
4784,6107,19015
4785,6108,1945
4786,6109,9707
4787,6110,17959
4788,6110,20402
4789,6111,15761
4790,6111,10279
4791,6112,14516
4792,6113,36813
4793,6114,16113
4794,6116,4866
4795,6116,24625
4796,6117,5906
4797,6117,20855
4798,6118,15933
4799,6119,1389
4800,6120,20564
4801,6121,7777
4802,6123,10252
4803,6124,28202
4804,6125,10252
4805,6132,34169
4806,6133,8913
4807,6134,9373
4808,6135,9373
4809,6136,7301
4810,6137,28148
4811,6138,17836
4812,6139,29073
4813,6140,25815
4814,6142,36294
4815,6143,26933
4816,6144,18655
4817,6145,6649
4818,6146,4597
4819,6147,31814
4820,6148,22101
4821,6149,946
4822,6150,35291
4823,6151,14867
4824,6152,9670
4825,6152,17727
4826,6153,18254
4827,6153,31781
4828,6153,10096
4829,6156,964
4830,6156,1543
4831,6157,10565
4832,6160,7452
4833,6160,26691
4834,6160,22375
4835,6161,25669
4836,6163,2313
4837,6164,28424
4838,6165,35704
4839,6166,21854
4840,6167,10048
4841,6168,6275
4842,6169,15722
4843,6171,35724
4844,6172,24799
4845,6173,18062
4846,6174,25384
4847,6177,26856
4848,6178,13951
4849,6178,20883
4850,6179,7483
4851,6181,18999
4852,6182,19810
4853,6183,36264
4854,6184,33515
4855,6185,28707
4856,6186,13188
4857,6188,29811
4858,6190,36500
4859,6191,32137
4860,6192,11926
4861,6192,26122
4862,6193,22722
4863,6195,25528
4864,6196,19525
4865,6197,5143
4866,6198,3405
4867,6199,9711
4868,6200,11132
4869,6201,30630
4870,6202,16192
4871,6204,34269
4872,6205,33290
4873,6206,18999
4874,6210,7173
4875,6214,20965
4876,6215,2819
4877,6216,23329
4878,6217,8121
4879,6218,16074
4880,6219,6872
4881,6220,6371
4882,6221,23014
4883,6222,25419
4884,6226,8862
4885,6227,32551
4886,6228,20562
4887,6229,17013
4888,6232,20655
4889,6234,33714
4890,6235,16099
4891,6236,12610
4892,6237,14246
4893,6238,28797
4894,6238,33111
4895,6240,4551
4896,6242,3002
4897,6243,14325
4898,6244,1836
4899,6246,2157
4900,6248,15014
4901,6248,33978
4902,6250,16964
4903,6252,30691
4904,6253,18665
4905,6253,6445
4906,6254,1188
4907,6256,21534
4908,6257,24799
4909,6258,27826
4910,6262,14530
4911,6262,2194
4912,6263,29113
4913,6264,30409
4914,6265,13365
4915,6266,34075
4916,6267,10975
4917,6267,15469
4918,6269,33300
4919,6271,11985
4920,6272,31649
4921,6273,26788
4922,6273,16557
4923,6276,30173
4924,6278,671
4925,6279,8008
4926,6280,7202
4927,6281,3094
4928,6282,15265
4929,6283,15265
4930,6284,26199
4931,6288,396
4932,6289,22049
4933,6290,5734
4934,6290,34809
4935,6291,4488
4936,6292,2817
4937,6293,35712
4938,6294,35704
4939,6297,5874
4940,6297,6121
4941,6298,32233
4942,6298,15167
4943,6299,10757
4944,6300,1506
4945,6301,14918
4946,6303,14230
4947,6306,5988
4948,6307,11351
4949,6307,21660
4950,6308,32392
4951,6309,28939
4952,6310,28939
4953,6314,28620
4954,6315,4215
4955,6316,35827
4956,6319,18420
4957,6320,14713
4958,6321,28744
4959,6323,7409
4960,6323,13069
4961,6323,19484
4962,6323,916
4963,6324,26844
4964,6325,17999
4965,6326,26334
4966,6328,36294
4967,6329,23894
4968,6330,12892
4969,6330,17895
4970,6332,14292
4971,6333,17119
4972,6333,82
4973,6334,768
4974,6334,16189
4975,6334,16465
4976,6338,29876
4977,6339,8076
4978,6341,25031
4979,6342,23067
4980,6343,20454
4981,6345,23227
4982,6346,8162
4983,6347,15097
4984,6349,8112
4985,6350,18999
4986,6351,8133
4987,6353,25733
4988,6354,6948
4989,6354,16095
4990,6355,28990
4991,6356,13149
4992,6357,21915
4993,6358,6081
4994,6360,11778
4995,6361,4864
4996,6362,4864
4997,6363,30596
4998,6364,22862
4999,6365,28699
5000,6366,26791
5001,6367,22018
5002,6368,14652
5003,6369,31703
5004,6370,31703
5005,6371,25601
5006,6372,27502
5007,6374,15989
5008,6376,33951
5009,6378,30575
5010,6379,28682
5011,6381,28028
5012,6384,20374
5013,6385,21142
5014,6387,24877
5015,6388,21750
5016,6390,5954
5017,6391,27385
5018,6392,6945
5019,6393,768
5020,6393,16189
5021,6395,17034
5022,6396,13327
5023,6397,8005
5024,6400,9052
5025,6400,36161
5026,6402,26451
5027,6405,17603
5028,6407,24735
5029,6409,7940
5030,6410,7940
5031,6411,7940
5032,6412,7940
5033,6414,35819
5034,6416,2286
5035,6420,30978
5036,6421,17510
5037,6421,14953
5038,6423,36087
5039,6424,15903
5040,6426,23323
5041,6427,9545
5042,6428,11339
5043,6429,23520
5044,6432,1438
5045,6433,4850
5046,6434,18172
5047,6435,27387
5048,6436,27387
5049,6437,14402
5050,6438,23081
5051,6442,23407
5052,6443,25923
5053,6445,5931
5054,6445,3740
5055,6446,4572
5056,6446,26727
5057,6447,22600
5058,6448,33342
5059,6449,5805
5060,6450,36735
5061,6451,21821
5062,6451,19406
5063,6451,30293
5064,6451,29498
5065,6451,31646
5066,6451,34869
5067,6451,30929
5068,6451,15140
5069,6452,15989
5070,6453,16019
5071,6453,15149
5072,6454,18435
5073,6454,26210
5074,6455,4675
5075,6458,11848
5076,6460,25423
5077,6464,23592
5078,6466,21318
5079,6467,7395
5080,6469,5719
5081,6470,29361
5082,6471,28716
5083,6472,18541
5084,6473,19316
5085,6475,28683
5086,6476,35357
5087,6478,21097
5088,6480,33515
5089,6481,13821
5090,6485,13621
5091,6486,15493
5092,6487,26902
5093,6487,17202
5094,6487,1653
5095,6488,4645
5096,6490,10975
5097,6491,8487
5098,6492,32423
5099,6497,10681
5100,6497,17332
5101,6498,10681
5102,6498,24998
5103,6499,658
5104,6500,7172
5105,6501,25673
5106,6501,36847
5107,6502,28528
5108,6502,22436
5109,6504,10721
5110,6505,26546
5111,6506,17589
5112,6508,22049
5113,6510,26971
5114,6512,34005
5115,6514,18413
5116,6514,28430
5117,6515,4084
5118,6515,25022
5119,6517,28909
5120,6519,4995
5121,6522,28620
5122,6524,12477
5123,6526,17490
5124,6527,21449
5125,6528,36229
5126,6529,30221
5127,6531,8099
5128,6534,34075
5129,6536,35184
5130,6537,35184
5131,6538,27820
5132,6539,24006
5133,6543,1017
5134,6544,33889
5135,6545,36294
5136,6546,27360
5137,6548,25054
5138,6549,27022
5139,6550,691
5140,6551,20801
5141,6552,3394
5142,6553,34320
5143,6556,25672
5144,6557,11665
5145,6558,7639
5146,6559,30638
5147,6560,28990
5148,6561,9380
5149,6564,11988
5150,6565,21824
5151,6568,8489
5152,6568,17473
5153,6569,28984
5154,6569,27024
5155,6570,28019
5156,6571,35702
5157,6572,8332
5158,6573,28713
5159,6575,18306
5160,6576,32423
5161,6577,22259
5162,6578,16644
5163,6578,21406
5164,6579,15676
5165,6580,10721
5166,6581,26818
5167,6582,27703
5168,6584,33618
5169,6586,21278
5170,6590,31521
5171,6595,9365
5172,6596,16250
5173,6598,11570
5174,6599,34984
5175,6600,14871
5176,6601,4499
5177,6601,6355
5178,6603,21884
5179,6604,18174
5180,6605,28367
5181,6605,17573
5182,6606,21958
5183,6607,10845
5184,6609,36229
5185,6610,4882
5186,6611,23483
5187,6611,841
5188,6612,12418
5189,6613,14731
5190,6614,28736
5191,6615,11024
5192,6616,16608
5193,6617,26748
5194,6618,26748
5195,6619,13714
5196,6620,35017
5197,6621,122
5198,6622,25447
5199,6623,21493
5200,6624,23235
5201,6625,3657
5202,6626,28749
5203,6626,29252
5204,6627,32150
5205,6628,16142
5206,6629,28849
5207,6632,28484
5208,6633,28484
5209,6634,28484
5210,6636,14724
5211,6638,34890
5212,6639,16016
5213,6639,16590
5214,6640,21470
5215,6641,34276
5216,6643,12627
5217,6644,22987
5218,6645,22018
5219,6646,35649
5220,6647,26469
5221,6648,10909
5222,6649,19980
5223,6649,19225
5224,6650,19980
5225,6650,19225
5226,6651,19980
5227,6651,19225
5228,6652,36072
5229,6653,18047
5230,6653,6637
5231,6653,10129
5232,6654,26086
5233,6655,971
5234,6657,22469
5235,6658,35753
5236,6659,11942
5237,6663,25285
5238,6664,6176
5239,6666,11484
5240,6667,2115
5241,6668,34005
5242,6668,34554
5243,6673,22259
5244,6676,14401
5245,6677,25504
5246,6680,25641
5247,6681,9401
5248,6682,20936
5249,6683,5086
5250,6684,15857
5251,6686,10948
5252,6688,34189
5253,6689,13284
5254,6690,21352
5255,6693,14189
5256,6695,23209
5257,6697,8208
5258,6698,8208
5259,6699,3844
5260,6700,32468
5261,6705,5510
5262,6706,6606
5263,6707,13677
5264,6707,13618
5265,6709,23039
5266,6710,33875
5267,6713,32170
5268,6713,8854
5269,6714,26764
5270,6715,19316
5271,6715,15714
5272,6718,36806
5273,6718,8125
5274,6720,11690
5275,6721,10407
5276,6723,5988
5277,6724,35589
5278,6725,22300
5279,6725,32883
5280,6727,32099
5281,6729,36294
5282,6730,340
5283,6731,23494
5284,6732,25796
5285,6733,16512
5286,6734,26747
5287,6735,28949
5288,6736,33893
5289,6738,14142
5290,6739,17034
5291,6741,5434
5292,6743,15916
5293,6744,3988
5294,6745,23621
5295,6746,906
5296,6747,6423
5297,6748,14832
5298,6749,20596
5299,6751,31355
5300,6752,28475
5301,6753,32248
5302,6754,15784
5303,6755,16879
5304,6755,15003
5305,6756,21373
5306,6757,26927
5307,6758,31161
5308,6759,26624
5309,6760,5088
5310,6761,26767
5311,6761,14904
5312,6762,19797
5313,6763,8515
5314,6764,26308
5315,6765,17923
5316,6768,617
5317,6769,32185
5318,6770,28864
5319,6772,22598
5320,6773,27826
5321,6773,28811
5322,6774,5844
5323,6775,33425
5324,6776,4816
5325,6777,22000
5326,6780,29106
5327,6780,16023
5328,6782,23530
5329,6784,24276
5330,6785,10557
5331,6786,29500
5332,6787,33514
5333,6790,16032
5334,6791,11197
5335,6792,11945
5336,6792,4880
5337,6794,10981
5338,6798,19341
5339,6800,28620
5340,6801,10924
5341,6804,23711
5342,6806,18243
5343,6807,30968
5344,6808,16349
5345,6809,11633
5346,6810,12723
5347,6810,21624
5348,6810,21978
5349,6811,1497
5350,6812,26421
5351,6813,20120
5352,6813,10551
5353,6815,631
5354,6816,6322
5355,6817,16365
5356,6819,32321
5357,6820,10960
5358,6821,8382
5359,6822,12244
5360,6823,11879
5361,6824,20288
5362,6825,9689
5363,6825,15266
5364,6827,7954
5365,6828,24274
5366,6829,7245
5367,6833,26366
5368,6834,6499
5369,6835,19929
5370,6836,8099
5371,6837,27668
5372,6838,13688
5373,6840,13385
5374,6840,25422
5375,6841,5045
5376,6842,10842
5377,6843,3506
5378,6844,5258
5379,6845,28206
5380,6846,15961
5381,6847,10192
5382,6848,18875
5383,6849,35535
5384,6851,13072
5385,6852,10975
5386,6853,12146
5387,6855,32242
5388,6856,27541
5389,6856,3028
5390,6857,6440
5391,6858,25279
5392,6860,25403
5393,6861,33798
5394,6864,223
5395,6865,16542
5396,6866,11618
5397,6868,28498
5398,6869,8838
5399,6870,35709
5400,6870,35651
5401,6871,16043
5402,6872,1579
5403,6872,28740
5404,6873,21413
5405,6874,1324
5406,6875,13621
5407,6876,32700
5408,6878,30014
5409,6879,31407
5410,6880,34479
5411,6881,27635
5412,6882,27635
5413,6884,14906
5414,6885,8005
5415,6887,30691
5416,6890,26715
5417,6891,14292
5418,6892,32554
5419,6893,21920
5420,6894,18941
5421,6897,4864
5422,6898,33696
5423,6899,14953
5424,6900,25285
5425,6902,4804
5426,6904,19080
5427,6905,24887
5428,6910,32415
5429,6911,35406
5430,6912,23882
5431,6913,7132
5432,6914,32204
5433,6916,16697
5434,6918,35663
5435,6918,6953
5436,6919,14326
5437,6920,34320
5438,6921,2753
5439,6922,7538
5440,6924,33953
5441,6925,14273
5442,6926,23897
5443,6926,23865
5444,6927,14622
5445,6928,5487
5446,6929,19681
5447,6930,19512
5448,6931,31652
5449,6932,28841
5450,6933,19696
5451,6934,10845
5452,6936,33194
5453,6938,10143
5454,6939,17003
5455,6940,32184
5456,6941,90
5457,6943,10716
5458,6944,4757
5459,6944,9937
5460,6945,8060
5461,6946,23284
5462,6947,3996
5463,6947,1120
5464,6949,7953
5465,6952,18246
5466,6953,35844
5467,6955,7097
5468,6955,26269
5469,6956,10725
5470,6957,28806
5471,6960,27094
5472,6962,26175
5473,6967,14831
5474,6967,20455
5475,6968,10203
5476,6970,22150
5477,6973,15051
5478,6976,26726
5479,6977,21878
5480,6978,7442
5481,6979,25525
5482,6980,7970
5483,6980,6117
5484,6981,18047
5485,6981,20772
5486,6982,3892
5487,6983,25867
5488,6985,25826
5489,6985,33290
5490,6986,11001
5491,6988,7539
5492,6989,29416
5493,6990,14740
5494,6991,10960
5495,6992,6264
5496,6993,18040
5497,6994,25279
5498,6995,10567
5499,6996,28844
5500,6998,25788
5501,7001,18835
5502,7003,21266
5503,7004,28771
5504,7005,19081
5505,7006,26081
5506,7009,24148
5507,7009,12463
5508,7010,2810
5509,7012,24807
5510,7013,9783
5511,7015,19440
5512,7016,22981
5513,7017,29079
5514,7018,4822
5515,7020,35058
5516,7022,1369
5517,7024,11503
5518,7025,34618
5519,7028,7277
5520,7029,26733
5521,7030,32978
5522,7031,223
5523,7032,26825
5524,7033,29695
5525,7034,32678
5526,7035,6043
5527,7036,26747
5528,7037,15855
5529,7038,8160
5530,7039,26469
5531,7040,9682
5532,7040,13286
5533,7041,36483
5534,7042,31623
5535,7043,24062
5536,7044,26209
5537,7045,10464
5538,7045,15615
5539,7048,12459
5540,7051,8520
5541,7052,35778
5542,7053,27431
5543,7054,15820
5544,7055,15820
5545,7056,15820
5546,7057,11993
5547,7058,4430
5548,7059,33054
5549,7060,29858
5550,7061,4103
5551,7062,32274
5552,7063,31008
5553,7064,16113
5554,7067,5719
5555,7068,23855
5556,7069,7387
5557,7070,11335
5558,7071,24164
5559,7072,16391
5560,7073,35753
5561,7073,16079
5562,7079,20057
5563,7080,6441
5564,7081,18894
5565,7081,3285
5566,7082,33781
5567,7083,30369
5568,7084,10063
5569,7084,28050
5570,7085,931
5571,7087,19877
5572,7088,446
5573,7089,6303
5574,7089,6113
5575,7089,35561
5576,7089,20182
5577,7089,20012
5578,7089,31227
5579,7089,35940
5580,7090,9674
5581,7092,22303
5582,7093,22303
5583,7094,28571
5584,7095,29954
5585,7096,30685
5586,7097,36224
5587,7098,21828
5588,7098,4010
5589,7103,16765
5590,7104,32358
5591,7105,31966
5592,7112,32805
5593,7113,23078
5594,7114,32054
5595,7115,9403
5596,7115,10823
5597,7115,98
5598,7116,16526
5599,7117,24235
5600,7118,22012
5601,7119,26558
5602,7120,3949
5603,7121,23044
5604,7123,35002
5605,7124,14714
5606,7125,30562
5607,7126,14714
5608,7127,28030
5609,7127,14411
5610,7128,21660
5611,7128,11351
5612,7130,31993
5613,7131,31432
5614,7132,19099
5615,7134,34014
5616,7135,26888
5617,7136,28718
5618,7137,12014
5619,7138,27776
5620,7139,14714
5621,7140,14724
5622,7141,14724
5623,7143,29027
5624,7146,10840
5625,7147,15687
5626,7148,29624
5627,7150,5180
5628,7152,18705
5629,7156,5132
5630,7158,11736
5631,7159,18429
5632,7160,21615
5633,7162,35523
5634,7163,26472
5635,7164,446
5636,7167,7532
5637,7168,29507
5638,7169,20904
5639,7171,23534
5640,7171,16037
5641,7171,28721
5642,7172,23534
5643,7172,16037
5644,7172,28721
5645,7173,23480
5646,7174,11321
5647,7174,23534
5648,7174,16037
5649,7174,28721
5650,7177,23480
5651,7178,25405
5652,7178,11321
5653,7178,23534
5654,7178,16037
5655,7178,28721
5656,7179,23480
5657,7180,23480
5658,7181,32607
5659,7182,30118
5660,7183,7731
5661,7184,14938
5662,7186,332
5663,7187,35440
5664,7189,23056
5665,7197,32256
5666,7198,28353
5667,7200,3947
5668,7202,35615
5669,7203,26455
5670,7204,29843
5671,7206,16218
5672,7206,4660
5673,7208,29131
5674,7209,29578
5675,7210,4782
5676,7211,29578
5677,7212,8967
5678,7213,8967
5679,7214,8967
5680,7215,361
5681,7216,8127
5682,7217,8127
5683,7221,28231
5684,7223,31505
5685,7224,24168
5686,7227,15572
5687,7228,15962
5688,7229,13823
5689,7230,15265
5690,7230,15253
5691,7231,28449
5692,7232,24930
5693,7234,15763
5694,7236,31128
5695,7236,6542
5696,7240,33447
5697,7241,27190
5698,7243,12818
5699,7244,14919
5700,7245,27260
5701,7247,21914
5702,7247,33993
5703,7256,33993
5704,7256,21914
5705,7257,14739
5706,7259,24979
5707,7260,23589
5708,7262,9541
5709,7263,5866
5710,7264,17247
5711,7265,22935
5712,7266,21224
5713,7268,17063
5714,7269,10958
5715,7269,15968
5716,7269,13147
5717,7269,29297
5718,7269,2775
5719,7271,8166
5720,7273,5147
5721,7276,18321
5722,7278,12898
5723,7280,7539
5724,7282,33950
5725,7283,5179
5726,7286,36820
5727,7286,11570
5728,7288,11344
5729,7289,18541
5730,7292,32806
5731,7292,32176
5732,7294,14318
5733,7295,26574
5734,7296,8542
5735,7297,35157
5736,7298,214
5737,7299,2879
5738,7300,29641
5739,7303,24476
5740,7308,10915
5741,7310,34936
5742,7311,27216
5743,7312,6820
5744,7313,4067
5745,7314,23397
5746,7315,26370
5747,7316,23158
5748,7320,6781
5749,7321,16679
5750,7322,32894
5751,7323,600
5752,7325,26466
5753,7325,16186
5754,7326,677
5755,7327,27257
5756,7328,36785
5757,7329,16573
5758,7329,4120
5759,7330,7598
5760,7330,33004
5761,7331,6364
5762,7332,7453
5763,7334,26930
5764,7335,2981
5765,7336,36283
5766,7337,3707
5767,7338,16269
5768,7340,19805
5769,7341,10128
5770,7343,15933
5771,7344,16749
5772,7345,5719
5773,7346,26334
5774,7347,19825
5775,7348,28232
5776,7349,4937
5777,7350,30151
5778,7352,14673
5779,7353,8012
5780,7354,25373
5781,7358,15016
5782,7360,31251
5783,7363,20061
5784,7365,34029
5785,7367,36735
5786,7368,14626
5787,7369,34336
5788,7371,24597
5789,7371,287
5790,7372,34648
5791,7373,35114
5792,7374,27170
5793,7375,12663
5794,7376,28217
5795,7377,23855
5796,7378,21757
5797,7379,21337
5798,7380,14282
5799,7386,13558
5800,7390,25868
5801,7392,21306
5802,7393,26695
5803,7394,2686
5804,7395,827
5805,7396,27756
5806,7397,3311
5807,7398,1683
5808,7401,5493
5809,7402,7456
5810,7404,12155
5811,7405,5448
5812,7405,1033
5813,7406,25928
5814,7408,12459
5815,7409,12118
5816,7410,23683
5817,7411,24273
5818,7413,12128
5819,7415,29032
5820,7416,4696
5821,7419,8065
5822,7420,12609
5823,7421,26897
5824,7422,33627
5825,7423,11327
5826,7425,12593
5827,7427,21522
5828,7428,35269
5829,7428,776
5830,7429,21522
5831,7430,35269
5832,7433,26017
5833,7434,25788
5834,7436,25883
5835,7437,11254
5836,7438,31993
5837,7439,36500
5838,7439,36864
5839,7440,36500
5840,7441,19022
5841,7445,35944
5842,7446,24229
5843,7446,16554
5844,7448,9287
5845,7449,31042
5846,7450,20932
5847,7452,35128
5848,7454,4323
5849,7455,26041
5850,7457,12267
5851,7459,2856
5852,7460,8217
5853,7461,28697
5854,7463,3568
5855,7464,28909
5856,7467,6651
5857,7468,21396
5858,7468,22560
5859,7469,7038
5860,7470,1199
5861,7470,2172
5862,7471,6363
5863,7471,15045
5864,7471,26278
5865,7471,19414
5866,7471,15971
5867,7471,24623
5868,7471,5191
5869,7471,32437
5870,7471,8276
5871,7471,18244
5872,7471,28999
5873,7471,23495
5874,7471,21853
5875,7472,20057
5876,7473,32975
5877,7473,24819
5878,7476,26904
5879,7477,12867
5880,7478,10553
5881,7479,32424
5882,7480,8099
5883,7481,16015
5884,7482,12244
5885,7483,13935
5886,7488,25663
5887,7490,7
5888,7491,21727
5889,7492,33764
5890,7493,25307
5891,7495,3959
5892,7497,31549
5893,7498,7654
5894,7499,32491
5895,7502,5161
5896,7503,22547
5897,7505,6452
5898,7506,28839
5899,7507,32131
5900,7508,8155
5901,7510,21405
5902,7511,15131
5903,7512,11983
5904,7513,660
5905,7515,1017
5906,7516,11078
5907,7517,2800
5908,7518,28111
5909,7519,29653
5910,7520,133
5911,7522,6175
5912,7524,2320
5913,7525,3244
5914,7526,28329
5915,7527,32259
5916,7527,25684
5917,7527,17030
5918,7528,190
5919,7529,31505
5920,7530,7387
5921,7532,34451
5922,7533,31505
5923,7536,36714
5924,7537,4108
5925,7539,32150
5926,7542,23075
5927,7546,8464
5928,7547,13118
5929,7548,22720
5930,7549,30935
5931,7550,8081
5932,7551,34196
5933,7552,18472
5934,7553,20212
5935,7558,6979
5936,7559,28864
5937,7560,28060
5938,7562,16562
5939,7563,21990
5940,7563,29196
5941,7564,12132
5942,7565,18638
5943,7565,17913
5944,7566,29734
5945,7568,4177
5946,7568,7278
5947,7569,34675
5948,7570,29261
5949,7571,19316
5950,7573,29366
5951,7573,28620
5952,7574,13796
5953,7575,3313
5954,7576,15164
5955,7577,31138
5956,7578,11844
5957,7580,28656
5958,7580,33465
5959,7583,30904
5960,7586,12740
5961,7586,22272
5962,7587,3007
5963,7588,21531
5964,7589,30582
5965,7590,25285
5966,7591,8753
5967,7592,5860
5968,7593,25917
5969,7593,16776
5970,7594,21958
5971,7595,26431
5972,7596,23045
5973,7597,1282
5974,7598,9641
5975,7600,4106
5976,7604,21522
5977,7605,15934
5978,7608,9136
5979,7609,16679
5980,7610,22049
5981,7612,29598
5982,7612,7427
5983,7614,23596
5984,7614,1460
5985,7615,8652
5986,7616,34539
5987,7617,10958
5988,7617,2026
5989,7620,24967
5990,7622,2313
5991,7624,3852
5992,7625,26359
5993,7626,11077
5994,7627,24059
5995,7628,36783
5996,7629,22776
5997,7630,15749
5998,7632,23246
5999,7632,26817
6000,7633,1895
6001,7634,26167
6002,7636,15916
6003,7637,10415
6004,7639,8312
6005,7641,498
6006,7642,36511
6007,7643,33614
6008,7644,32324
6009,7645,32683
6010,7647,491
6011,7648,7127
6012,7649,25733
6013,7650,25733
6014,7653,3855
6015,7655,26308
6016,7657,31137
6017,7658,17664
6018,7658,19368
6019,7659,3783
6020,7660,1213
6021,7663,19383
6022,7666,18822
6023,7667,13372
6024,7668,25616
6025,7672,32459
6026,7674,8024
6027,7676,36035
6028,7677,23553
6029,7680,15968
6030,7681,35864
6031,7682,19471
6032,7684,31248
6033,7685,12788
6034,7685,27231
6035,7685,32545
6036,7685,24379
6037,7685,2856
6038,7685,30070
6039,7685,27360
6040,7685,27710
6041,7685,27640
6042,7685,209
6043,7685,32736
6044,7686,6638
6045,7687,27002
6046,7688,16684
6047,7688,2668
6048,7688,29287
6049,7688,17589
6050,7689,28683
6051,7690,19627
6052,7691,1325
6053,7692,24272
6054,7694,32509
6055,7695,34690
6056,7696,18946
6057,7697,30125
6058,7698,17906
6059,7701,247
6060,7702,31991
6061,7705,6494
6062,7706,26856
6063,7707,30339
6064,7708,30339
6065,7709,18652
6066,7711,17487
6067,7714,21895
6068,7715,18321
6069,7719,35939
6070,7720,36202
6071,7722,19630
6072,7723,1691
6073,7724,14192
6074,7725,18147
6075,7727,13769
6076,7728,5719
6077,7729,8471
6078,7730,4777
6079,7732,34018
6080,7733,2788
6081,7735,29803
6082,7737,14626
6083,7738,24136
6084,7740,11109
6085,7742,20191
6086,7743,23445
6087,7745,24860
6088,7746,27635
6089,7748,23846
6090,7749,660
6091,7752,7610
6092,7755,21264
6093,7758,23002
6094,7759,18321
6095,7761,35406
6096,7762,26721
6097,7763,5861
6098,7764,3518
6099,7765,44
6100,7766,28821
6101,7769,2499
6102,7770,36770
6103,7771,21114
6104,7772,10854
6105,7773,25818
6106,7774,28975
6107,7774,11161
6108,7775,8005
6109,7777,30435
6110,7779,29327
6111,7781,31390
6112,7782,26744
6113,7783,16472
6114,7784,24120
6115,7787,29825
